time,OE20-601b-2| Heating meter,OE20-601b-2| CO2 sensor,OE20-601b-2| Damper position sensor,OE20-601b-2| Valve position sensor,OE20-601b-2| temperature sensor
2022-01-03 00:00:00,-4.390753783213718e-07,500,0,0.0,21.000044328662625
2022-01-03 00:10:00,7.217404103849705e-07,500,0,0.0,20.99989545043354
2022-01-03 00:20:00,8.107337820446471e-06,500,0,0.0,20.99923357048101
2022-01-03 00:30:00,2.706215168294575e-05,500,0,0.0,20.997852847394824
2022-01-03 00:40:00,6.154722627355678e-05,500,0,0.0,20.995739027341187
2022-01-03 00:50:00,0.00011292214553537683,500,0,0.0,20.993040673383803
2022-01-03 01:00:00,0.00017989072302777143,500,0,0.0,20.989986753738776
2022-01-03 01:10:00,0.0002592725384689624,500,0,0.0,20.986804829160974
2022-01-03 01:20:00,0.0003470552958174955,500,0,0.0,20.983670481196896
2022-01-03 01:30:00,0.0004391859606745191,500,0,0.0,20.980703376881138
2022-01-03 01:40:00,0.0005323307392794557,500,0,0.0,20.97794762970443
2022-01-03 01:50:00,0.0006240249933457056,500,0,0.0,20.97541150375764
2022-01-03 02:00:00,0.000712670949470258,500,0,0.0,20.973078462709964
2022-01-03 02:10:00,0.0007974436415064401,500,0,0.0,20.97091650049697
2022-01-03 02:20:00,0.0008781166609517308,500,0,0.0,20.96888894629228
2022-01-03 02:30:00,0.0009548652589977148,500,0,0.0,20.96696176945261
2022-01-03 02:40:00,0.001027985753126609,500,0,0.0,20.96511769999779
2022-01-03 02:50:00,0.0010979359296653139,500,0,0.0,20.963331902232312
2022-01-03 03:00:00,0.0011652749355520924,500,0,0.0,20.961580958632112
2022-01-03 03:10:00,0.0012304456254283468,500,0,0.0,20.959860506533005
2022-01-03 03:20:00,0.0012938742472400028,500,0,0.0,20.958159468318627
2022-01-03 03:30:00,0.0013559767442779353,500,0,0.0,20.956466608397022
2022-01-03 03:40:00,0.0014172118231671111,500,0,0.0,20.95476563025295
2022-01-03 03:50:00,0.0014780979029300355,500,0,0.0,20.953037294624664
2022-01-03 04:00:00,0.0015390660214460558,500,0,0.0,20.951275492967397
2022-01-03 04:10:00,0.0016004670448597094,500,0,0.0,20.949475905457803
2022-01-03 04:20:00,0.001662514646745395,500,0,0.0,20.94764227799169
2022-01-03 04:30:00,0.0017252546924158296,500,0,0.0,20.945785398544103
2022-01-03 04:40:00,0.0017885992599197393,500,0,0.0,20.9439174532381
2022-01-03 04:50:00,0.0018524961605516433,500,0,0.0,20.942037366628938
2022-01-03 05:00:00,0.0019167016790143409,500,0,0.0,20.94016597810696
2022-01-03 05:10:00,0.001980853284954396,500,0,0.0,20.93832230213593
2022-01-03 05:20:00,0.0020446378966269226,500,0,0.0,20.936511787302152
2022-01-03 05:30:00,0.002107761738914578,500,0,0.0,20.934741501179815
2022-01-03 05:40:00,0.002170114732667214,500,0,0.0,20.93300135870959
2022-01-03 05:50:00,0.0022316501952424125,500,0,0.0,20.93128812971554
2022-01-03 06:00:00,0.0022923474425988904,500,0,0.0,20.929600533861958
2022-01-03 06:10:00,0.0023523348845887913,500,0,0.0,20.927924114461348
2022-01-03 06:20:00,0.002411721091708758,500,0,0.0,20.926257176273793
2022-01-03 06:30:00,0.0024706569469198306,500,0,0.0,20.92459232063993
2022-01-03 06:40:00,0.0025291003756907214,500,0,0.0,20.922944682948582
2022-01-03 06:50:00,0.0025868833554740884,500,0,0.0,20.921328190546774
2022-01-03 07:00:00,0.007013256464021125,500,0,0.035165812731063326,20.919744682913006
2022-01-03 07:10:00,0.019084844552098565,500,0,0.0559697018682494,20.91819747113186
2022-01-03 07:20:00,0.03998478975644218,500,0,0.07714258104846143,20.91669364466361
2022-01-03 07:30:00,0.07061504354464834,500,0,0.09866910268958759,20.915243399627798
2022-01-03 07:40:00,0.11167340928174152,500,0,0.12053068227169283,20.913858484076627
2022-01-03 07:50:00,0.16370726250920253,500,0,0.14270491985394207,20.912552630012215
2022-01-03 08:00:00,0.22714910224409388,500,0,0.1651649963484682,20.911341795763292
2022-01-03 08:10:00,0.3023373767317265,500,0,0.18788309543923748,20.910235082330473
2022-01-03 08:20:00,0.38952213323577783,500,0,0.21081976390987606,20.909262939770997
2022-01-03 08:30:00,0.4888578904523975,500,0,0.23391745970948036,20.908479673387774
2022-01-03 08:40:00,0.6003894673573478,500,0,0.2571012402823042,20.90794822009775
2022-01-03 08:50:00,0.7240393485195958,500,0,0.28028868824201364,20.907712556079787
2022-01-03 09:00:00,0.8596018983682567,500,0,0.3033890645967825,20.907810480806802
2022-01-03 09:10:00,1.0067466724201182,500,0,0.3262965963498817,20.908292471089226
2022-01-03 09:20:00,1.1650332551602165,500,0,0.3489029795459032,20.90918589122157
2022-01-03 09:30:00,1.333934742817906,500,0,0.3711062352101569,20.91048800963472
2022-01-03 09:40:00,1.512862015491062,500,0,0.39279705472887183,20.912214385760308
2022-01-03 09:50:00,1.7011848215290393,500,0,0.4138525973992672,20.914402557020367
2022-01-03 10:00:00,1.8982504790206094,500,0,0.4341519232753027,20.917064239685715
2022-01-03 10:10:00,2.103397061631439,500,0,0.4535691080527516,20.92021581991139
2022-01-03 10:20:00,2.315961868364467,500,0,0.47197310718491603,20.923875991204113
2022-01-03 10:30:00,2.535285649586135,500,0,0.4892249852488757,20.928070757021487
2022-01-03 10:40:00,2.760712365420482,500,0,0.5051680089066918,20.932851856989146
2022-01-03 10:50:00,2.9915865873921326,500,0,0.5196292664312082,20.938278341614932
2022-01-03 11:00:00,3.2272484520192264,500,0,0.532414031823426,20.94442525035265
2022-01-03 11:10:00,3.4670302567722158,500,0,0.5433268997594219,20.95132622676465
2022-01-03 11:20:00,3.710254975426018,500,0,0.5521852484324529,20.958966485173733
2022-01-03 11:30:00,3.956235891468164,500,0,0.5588247022118348,20.967298060604662
2022-01-03 11:40:00,4.204274407214584,500,0,0.5630859393099419,20.976288905316324
2022-01-03 11:50:00,4.453657126971831,500,0,0.564817890960172,20.985906477966637
2022-01-03 12:00:00,4.703650650571328,500,0,0.5638693399672601,20.996137199872464
2022-01-03 12:10:00,4.953490520972382,500,0,0.5600587904472059,21.007044365578622
2022-01-03 12:20:00,5.202372259793446,500,0,0.5532129454018054,21.018636333705217
2022-01-03 12:30:00,5.4494472595138745,500,0,0.543207448837673,21.03080498608324
2022-01-03 12:40:00,5.693819076562269,500,0,0.5299614424536837,21.04340481194231
2022-01-03 12:50:00,5.934538633794643,500,0,0.5134289659213251,21.056293934532732
2022-01-03 13:00:00,6.170602126032532,500,0,0.4936229332373651,21.06927731255564
2022-01-03 13:10:00,6.400953414351305,500,0,0.47063917347476436,21.08208230132732
2022-01-03 13:20:00,6.624486384465362,500,0,0.44463554833659347,21.09445072426024
2022-01-03 13:30:00,6.840045818097956,500,0,0.4158074872901601,21.106186426193744
2022-01-03 13:40:00,7.046428128075823,500,0,0.3843773977064774,21.117143945717544
2022-01-03 13:50:00,7.242382305042878,500,0,0.35058180936101135,21.127228841134638
2022-01-03 14:00:00,7.426614165352114,500,0,0.3146736521044345,21.136363292993337
2022-01-03 14:10:00,7.597796186883951,500,0,0.27692531619375355,21.144469606639177
2022-01-03 14:20:00,7.754582941124626,500,0,0.23761846282610793,21.151493395162106
2022-01-03 14:30:00,7.895632970795399,500,0,0.19703547072690902,21.157409760584414
2022-01-03 14:40:00,8.019637147205055,500,0,0.1554513269518262,21.16222492367524
2022-01-03 14:50:00,8.125351352804978,500,0,0.11312111773206626,21.165986962565512
2022-01-03 15:00:00,8.211633752892594,500,0,0.07029053528948363,21.168737878506363
2022-01-03 15:10:00,8.277479260352992,500,0,0.02718340813266977,21.17054553208436
2022-01-03 15:20:00,8.32453198846635,500,0,0.0,21.17149733153201
2022-01-03 15:30:00,8.35816024458532,500,0,0.0,21.17170160450769
2022-01-03 15:40:00,8.382199829219415,500,0,0.0,21.171271637380414
2022-01-03 15:50:00,8.399391503600148,500,0,0.0,21.170290574380488
2022-01-03 16:00:00,8.411693153234143,500,0,0.0,21.168862934173376
2022-01-03 16:10:00,8.42050324915718,500,0,0.0,21.167079605344043
2022-01-03 16:20:00,8.426820353690257,500,0,0.0,21.165039052903012
2022-01-03 16:30:00,8.431357507444408,500,0,0.0,21.162808701810718
2022-01-03 16:40:00,8.434624033026651,500,0,0.0,21.160420172331214
2022-01-03 16:50:00,8.436983720204095,500,0,0.0,21.157897840435908
2022-01-03 17:00:00,8.43869631456362,500,0,0.0,21.155268769427494
2022-01-03 17:10:00,8.439947196545269,500,0,0.0,21.152560125985474
2022-01-03 17:20:00,8.44086874710882,500,0,0.0,21.149783734181256
2022-01-03 17:30:00,8.441555360812599,500,0,0.0,21.146962095932395
2022-01-03 17:40:00,8.44207416379896,500,0,0.0,21.144129643165797
2022-01-03 17:50:00,8.442473024498321,500,0,0.0,21.141297384579957
2022-01-03 18:00:00,8.442786046236005,500,0,0.0,21.138476422238455
2022-01-03 18:10:00,8.443037531777025,500,0,0.0,21.135674036289856
2022-01-03 18:20:00,8.443244958150716,500,0,0.0,21.132879427350417
2022-01-03 18:30:00,8.443420804847985,500,0,0.0,21.13009380404401
2022-01-03 18:40:00,8.443574053391538,500,0,0.0,21.127310908814252
2022-01-03 18:50:00,8.443711062723981,500,0,0.0,21.124536847179115
2022-01-03 19:00:00,8.443836298805252,500,0,0.0,21.12177959545079
2022-01-03 19:10:00,8.443953154548952,500,0,0.0,21.119018867793784
2022-01-03 19:20:00,8.444064105574244,500,0,0.0,21.116249557533592
2022-01-03 19:30:00,8.444170970257968,500,0,0.0,21.11346672144282
2022-01-03 19:40:00,8.444275168315047,500,0,0.0,21.110658238823817
2022-01-03 19:50:00,8.444377857498916,500,0,0.0,21.107809669287235
2022-01-03 20:00:00,8.44447974894589,500,0,0.0,21.104932759604708
2022-01-03 20:10:00,8.444580914424776,500,0,0.0,21.102071579029143
2022-01-03 20:20:00,8.444681096764926,500,0,0.0,21.099257270056114
2022-01-03 20:30:00,8.444780044412962,500,0,0.0,21.096496672085777
2022-01-03 20:40:00,8.444877649885129,500,0,0.0,21.0937824847133
2022-01-03 20:50:00,8.444973946237216,500,0,0.0,21.09110361472267
2022-01-03 21:00:00,8.445069052359372,500,0,0.0,21.088450444345654
2022-01-03 21:10:00,8.445163119197469,500,0,0.0,21.08581631322886
2022-01-03 21:20:00,8.445256408776602,500,0,0.0,21.083185659670562
2022-01-03 21:30:00,8.445349092746513,500,0,0.0,21.08056006156403
2022-01-03 21:40:00,8.44544110508767,500,0,0.0,21.077958570276678
2022-01-03 21:50:00,8.445532392204644,500,0,0.0,21.07538183284487
2022-01-03 22:00:00,8.44562322018452,500,0,0.0,21.072799117951945
2022-01-03 22:10:00,8.445714453144165,500,0,0.0,21.070142385731742
2022-01-03 22:20:00,8.44580751355842,500,0,0.0,21.067330378289626
2022-01-03 22:30:00,8.445903879409503,500,0,0.0,21.06431652437459
2022-01-03 22:40:00,8.44599930836838,500,0,0.0,21.061635775673494
2022-01-03 22:50:00,8.446087186250251,500,0,0.0,21.05964977172698
2022-01-03 23:00:00,8.446162716685569,500,0,0.0,21.05836547603394
2022-01-03 23:10:00,8.446224193577352,500,0,0.0,21.057609032846813
2022-01-03 23:20:00,8.446272366973004,500,0,0.0,21.057181607589882
2022-01-03 23:30:00,8.446309319327977,500,0,0.0,21.05692708015704
2022-01-03 23:40:00,8.446337635257755,500,0,0.0,21.056734778198006
2022-01-03 23:50:00,8.44635980144592,500,0,0.0,21.05654015190521
2022-01-04 00:00:00,8.446382396138848,500,0,0.0,21.05585850422358
2022-01-04 00:10:00,8.446414417339644,500,0,0.0,21.05425608515361
2022-01-04 00:20:00,8.446462974892736,500,0,0.0,21.05166437903972
2022-01-04 00:30:00,8.44653128432891,500,0,0.0,21.04827178882988
2022-01-04 00:40:00,8.446619040681806,500,0,0.0,21.04434113352181
2022-01-04 00:50:00,8.446723642259569,500,0,0.0,21.04011307152541
2022-01-04 01:00:00,8.446841601186527,500,0,0.0,21.03575199990155
2022-01-04 01:10:00,8.446969553136356,500,0,0.0,21.031345896037237
2022-01-04 01:20:00,8.447104609139929,500,0,0.0,21.0269436608869
2022-01-04 01:30:00,8.44724442209269,500,0,0.0,21.022573790593015
2022-01-04 01:40:00,8.447387171838297,500,0,0.0,21.01825068153994
2022-01-04 01:50:00,8.447531649748306,500,0,0.0,21.013965014913992
2022-01-04 02:00:00,8.447677098255387,500,0,0.0,21.00970606048213
2022-01-04 02:10:00,8.447823015943522,500,0,0.0,21.005469775373058
2022-01-04 02:20:00,8.447969041835858,500,0,0.0,21.00125642175408
2022-01-04 02:30:00,8.44811503935923,500,0,0.0,20.99705374016048
2022-01-04 02:40:00,8.448260989799158,500,0,0.0,20.992853764990286
2022-01-04 02:50:00,8.448407005762135,500,0,0.0,20.98864377717109
2022-01-04 03:00:00,8.448553336854026,500,0,0.0,20.984406702300475
2022-01-04 03:10:00,8.448700184050091,500,0,0.0,20.980140261432098
2022-01-04 03:20:00,8.448847581828904,500,0,0.0,20.975855475837307
2022-01-04 03:30:00,8.448995678994057,500,0,0.0,20.97153981037991
2022-01-04 03:40:00,8.449144632447855,500,0,0.0,20.967188161877857
2022-01-04 03:50:00,8.449294453382976,500,0,0.0,20.962810722259746
2022-01-04 04:00:00,8.449445122258743,500,0,0.0,20.958410271989123
2022-01-04 04:10:00,8.449596562929305,500,0,0.0,20.953993088645802
2022-01-04 04:20:00,8.449748606860327,500,0,0.0,20.94957069269003
2022-01-04 04:30:00,8.449901013552585,500,0,0.0,20.945155203422473
2022-01-04 04:40:00,8.450053656124787,500,0,0.0,20.940742076454626
2022-01-04 04:50:00,8.450206336449643,500,0,0.0,20.936342158900516
2022-01-04 05:00:00,8.450358786797668,500,0,0.0,20.931968183802383
2022-01-04 05:10:00,8.450511030519007,500,0,0.0,20.927598474627302
2022-01-04 05:20:00,8.450663948265214,500,0,0.0,20.923145806496905
2022-01-04 05:30:00,8.4508186268097,500,0,0.0,20.918564006766246
2022-01-04 05:40:00,8.450975713918886,500,0,0.0,20.913866098118888
2022-01-04 05:50:00,8.451135263752315,500,0,0.0,20.90909335490869
2022-01-04 06:00:00,8.4512968954597,500,0,0.0,20.904288135548995
2022-01-04 06:10:00,8.451460311248782,500,0,0.0,20.89945302306296
2022-01-04 06:20:00,8.451625290569432,500,0,0.0,20.8945887955706
2022-01-04 06:30:00,8.451791560859983,500,0,0.0,20.889707055954204
2022-01-04 06:40:00,8.451958622681891,500,0,0.0,20.88483855927916
2022-01-04 06:50:00,8.452125888472764,500,0,0.0,20.880006586281525
2022-01-04 07:00:00,8.460339994206382,500,0,0.054675574170245406,20.875219561239646
2022-01-04 07:10:00,8.481381189401137,500,0,0.08804532001922027,20.870477005919383
2022-01-04 07:20:00,8.517523963832472,500,0,0.12257997098200268,20.865790145551728
2022-01-04 07:30:00,8.57058943902448,500,0,0.1582543612344417,20.861184538422094
2022-01-04 07:40:00,8.642114712290063,500,0,0.1950273720013847,20.85670752319129
2022-01-04 07:50:00,8.73336297659251,500,0,0.23284063815964195,20.85241870543541
2022-01-04 08:00:00,8.845173095657682,500,0,0.2716323849558905,20.848351358981745
2022-01-04 08:10:00,8.978235195975838,500,0,0.31132776386527544,20.844549551453383
2022-01-04 08:20:00,9.13273826426716,500,0,0.35183919232179056,20.84106119148055
2022-01-04 08:30:00,9.308428190026016,500,0,0.3930664702776645,20.83793556442106
2022-01-04 08:40:00,9.50462228154565,500,0,0.4348986193145668,20.835218347223417
2022-01-04 08:50:00,9.720423290343724,500,0,0.4772073059752323,20.832968682829232
2022-01-04 09:00:00,9.954398231691135,500,0,0.5198453014146047,20.831254988755973
2022-01-04 09:10:00,10.20534268478873,500,0,0.56261983677346,20.830210457403155
2022-01-04 09:20:00,10.47183447749578,500,0,0.6052920086428835,20.82999734122859
2022-01-04 09:30:00,10.752311413792707,500,0,0.6475803472431441,20.83078217793809
2022-01-04 09:40:00,11.045499985357607,500,0,0.6891431404251254,20.832773678084777
2022-01-04 09:50:00,11.350581341478504,500,0,0.729551286851882,20.83626054328488
2022-01-04 10:00:00,11.665838887015404,500,0,0.7682908472070925,20.841559863729344
2022-01-04 10:10:00,11.990586295948676,500,0,0.8047349647874507,20.849064953705238
2022-01-04 10:20:00,12.324013914202222,500,0,0.8381146100682144,20.859268494030403
2022-01-04 10:30:00,12.664234582037814,500,0,0.8675081519204328,20.8727294635828
2022-01-04 10:40:00,13.010233738905354,500,0,0.8918181861579834,20.89008807771461
2022-01-04 10:50:00,13.360369071968652,500,0,0.9097968984731916,20.911961412137316
2022-01-04 11:00:00,13.713249904217196,500,0,0.9200638166996605,20.938916131934093
2022-01-04 11:10:00,14.067592357614172,500,0,0.9211777948881009,20.971333060493635
2022-01-04 11:20:00,14.421595410662514,500,0,0.9117850135833037,21.009175773790048
2022-01-04 11:30:00,14.773286933812201,500,0,0.8908137736876558,21.05178483956115
2022-01-04 11:40:00,15.120519171101963,500,0,0.8577050545763439,21.097708195527957
2022-01-04 11:50:00,15.461188437674075,500,0,0.8125662263030666,21.144803982308076
2022-01-04 12:00:00,15.792494918791622,500,0,0.7562269280087197,21.190507799467014
2022-01-04 12:10:00,16.11158405413053,500,0,0.690096609731329,21.232399649998115
2022-01-04 12:20:00,16.415662562302263,500,0,0.615857116946547,21.268822878679202
2022-01-04 12:30:00,16.70150552112516,500,0,0.5351455017768627,21.29917118706362
2022-01-04 12:40:00,16.965644250102503,500,0,0.4493812035821483,21.323681905945705
2022-01-04 12:50:00,17.204405684117482,500,0,0.3597253353555767,21.343046089714335
2022-01-04 13:00:00,17.413568936014443,500,0,0.2671088561138145,21.358084548344777
2022-01-04 13:10:00,17.588799016931745,500,0,0.1722429250325686,21.369649956082867
2022-01-04 13:20:00,17.72566881533788,500,0,0.07566381522843696,21.378506112923787
2022-01-04 13:30:00,17.823427868442316,500,0,0.0,21.385242241049127
2022-01-04 13:40:00,17.893249560870867,500,0,0.0,21.390312784897105
2022-01-04 13:50:00,17.943116116433547,500,0,0.0,21.39410104633862
2022-01-04 14:00:00,17.978730164932674,500,0,0.0,21.39686477844225
2022-01-04 14:10:00,18.00416640136032,500,0,0.0,21.39872310435021
2022-01-04 14:20:00,18.02233682801966,500,0,0.0,21.39970923584042
2022-01-04 14:30:00,18.03532250607127,500,0,0.0,21.39984859085962
2022-01-04 14:40:00,18.04461056282141,500,0,0.0,21.39916964564327
2022-01-04 14:50:00,18.051263115535512,500,0,0.0,21.397751772332413
2022-01-04 15:00:00,18.056038438463823,500,0,0.0,21.39568171629071
2022-01-04 15:10:00,18.05947853926398,500,0,0.0,21.392955263399926
2022-01-04 15:20:00,18.061971463564454,500,0,0.0,21.389506463681755
2022-01-04 15:30:00,18.06379521411984,500,0,0.0,21.385269434445945
2022-01-04 15:40:00,18.0651487887162,500,0,0.0,21.38021396824479
2022-01-04 15:50:00,18.066174115113114,500,0,0.0,21.374370668338088
2022-01-04 16:00:00,18.066971510350026,500,0,0.0,21.367852996823785
2022-01-04 16:10:00,18.067610568433242,500,0,0.0,21.360873593272117
2022-01-04 16:20:00,18.06814007961545,500,0,0.0,21.353528478903172
2022-01-04 16:30:00,18.068594055562844,500,0,0.0,21.34590452748671
2022-01-04 16:40:00,18.068995872162752,500,0,0.0,21.33809598188236
2022-01-04 16:50:00,18.06936265159629,500,0,0.0,21.330060985193995
2022-01-04 17:00:00,18.06970727632848,500,0,0.0,21.321734456600097
2022-01-04 17:10:00,18.070037950858676,500,0,0.0,21.31321766439214
2022-01-04 17:20:00,18.070358762828043,500,0,0.0,21.30468995335832
2022-01-04 17:30:00,18.070671385537047,500,0,0.0,21.29627734913811
2022-01-04 17:40:00,18.070976482353657,500,0,0.0,21.288033622571675
2022-01-04 17:50:00,18.071274956426283,500,0,0.0,21.27991546064004
2022-01-04 18:00:00,18.07156819224386,500,0,0.0,21.2718482569544
2022-01-04 18:10:00,18.071857795231672,500,0,0.0,21.26376983269438
2022-01-04 18:20:00,18.072145470656377,500,0,0.0,21.255623871715216
2022-01-04 18:30:00,18.07243237984483,500,0,0.0,21.247416178019193
2022-01-04 18:40:00,18.072718650060843,500,0,0.0,21.239217703485338
2022-01-04 18:50:00,18.073004161847905,500,0,0.0,21.231049691581575
2022-01-04 19:00:00,18.0732888305918,500,0,0.0,21.22291206500813
2022-01-04 19:10:00,18.07357257912813,500,0,0.0,21.214806508527545
2022-01-04 19:20:00,18.073855294797628,500,0,0.0,21.206738828004745
2022-01-04 19:30:00,18.074136830383722,500,0,0.0,21.198715756901947
2022-01-04 19:40:00,18.07441702747552,500,0,0.0,21.190742665225116
2022-01-04 19:50:00,18.07469521966127,500,0,0.0,21.182875402526406
2022-01-04 20:00:00,18.07497059933483,500,0,0.0,21.175147416324762
2022-01-04 20:10:00,18.075242798580575,500,0,0.0,21.167537574910966
2022-01-04 20:20:00,18.075511883736457,500,0,0.0,21.16001263239741
2022-01-04 20:30:00,18.07577796402703,500,0,0.0,21.152566348457185
2022-01-04 20:40:00,18.076041128662514,500,0,0.0,21.14519759805262
2022-01-04 20:50:00,18.07630166262339,500,0,0.0,21.13788404713705
2022-01-04 21:00:00,18.076559783612474,500,0,0.0,21.130624280565826
2022-01-04 21:10:00,18.076815936384204,500,0,0.0,21.123389105567185
2022-01-04 21:20:00,18.07707047076128,500,0,0.0,21.116175297436712
2022-01-04 21:30:00,18.07732403484099,500,0,0.0,21.108942667742667
2022-01-04 21:40:00,18.077577811948817,500,0,0.0,21.10161851511657
2022-01-04 21:50:00,18.077833048273416,500,0,0.0,21.094162413173763
2022-01-04 22:00:00,18.078090305205595,500,0,0.0,21.086607608267514
2022-01-04 22:10:00,18.07834907190831,500,0,0.0,21.079046183520404
2022-01-04 22:20:00,18.078607960741326,500,0,0.0,21.07158137231454
2022-01-04 22:30:00,18.078865340836,500,0,0.0,21.064277694815246
2022-01-04 22:40:00,18.07911170233682,500,0,0.0,21.05797757559776
2022-01-04 22:50:00,18.079336451360586,500,0,0.0,21.0530643409802
2022-01-04 23:00:00,18.079533851793357,500,0,0.0,21.049352658701537
2022-01-04 23:10:00,18.07970374395369,500,0,0.0,21.046444737141428
2022-01-04 23:20:00,18.07984944199974,500,0,0.0,21.043994459345413
2022-01-04 23:30:00,18.079975640220628,500,0,0.0,21.041767040755076
2022-01-04 23:40:00,18.080087071037433,500,0,0.0,21.03962343607418
2022-01-04 23:50:00,18.08018772364908,500,0,0.0,21.037502386629058
2022-01-05 00:00:00,18.080286464674337,500,0,0.0,21.03479658348806
2022-01-05 00:10:00,18.08039430605375,500,0,0.0,21.031034078238008
2022-01-05 00:20:00,18.080519694729453,500,0,0.0,21.026156686966715
2022-01-05 00:30:00,18.080666355540398,500,0,0.0,21.020397877109644
2022-01-05 00:40:00,18.080833580883706,500,0,0.0,21.014097868719546
2022-01-05 00:50:00,18.08101813128325,500,0,0.0,21.007532656447438
2022-01-05 01:00:00,18.08121589549914,500,0,0.0,21.000883549706487
2022-01-05 01:10:00,18.081422753389727,500,0,0.0,20.9942698509185
2022-01-05 01:20:00,18.08163517808275,500,0,0.0,20.987750324209628
2022-01-05 01:30:00,18.081850822802025,500,0,0.0,20.981307402042148
2022-01-05 01:40:00,18.08206812805444,500,0,0.0,20.974929188167152
2022-01-05 01:50:00,18.08228617173923,500,0,0.0,20.968596245416848
2022-01-05 02:00:00,18.082504105030836,500,0,0.0,20.962327732493577
2022-01-05 02:10:00,18.082720999949636,500,0,0.0,20.956156086896954
2022-01-05 02:20:00,18.08293751540009,500,0,0.0,20.949947824025003
2022-01-05 02:30:00,18.083155615516702,500,0,0.0,20.943552192555217
2022-01-05 02:40:00,18.08337696299746,500,0,0.0,20.936943058179168
2022-01-05 02:50:00,18.083601697609087,500,0,0.0,20.930226288990525
2022-01-05 03:00:00,18.08382789024578,500,0,0.0,20.92360673125222
2022-01-05 03:10:00,18.084052531092,500,0,0.0,20.91724905071169
2022-01-05 03:20:00,18.084272794336695,500,0,0.0,20.911221353126166
2022-01-05 03:30:00,18.084486817765086,500,0,0.0,20.905507738025335
2022-01-05 03:40:00,18.084694095004007,500,0,0.0,20.900024952621607
2022-01-05 03:50:00,18.084894837928196,500,0,0.0,20.894715066788194
2022-01-05 04:00:00,18.085089638592322,500,0,0.0,20.88953359590232
2022-01-05 04:10:00,18.085279155671646,500,0,0.0,20.884456762832997
2022-01-05 04:20:00,18.085464066939263,500,0,0.0,20.87946366963297
2022-01-05 04:30:00,18.085645066013655,500,0,0.0,20.874533196700213
2022-01-05 04:40:00,18.085822967622324,500,0,0.0,20.869633140762744
2022-01-05 04:50:00,18.085998853559044,500,0,0.0,20.864713074894098
2022-01-05 05:00:00,18.08617402998991,500,0,0.0,20.859719191001204
2022-01-05 05:10:00,18.08634956663618,500,0,0.0,20.85463774276286
2022-01-05 05:20:00,18.086525877530296,500,0,0.0,20.849504119971243
2022-01-05 05:30:00,18.086702847287633,500,0,0.0,20.844359847971646
2022-01-05 05:40:00,18.086880120312255,500,0,0.0,20.839232501362858
2022-01-05 05:50:00,18.087057015281076,500,0,0.0,20.83416520643368
2022-01-05 06:00:00,18.087233111088047,500,0,0.0,20.829151314006594
2022-01-05 06:10:00,18.087408896262925,500,0,0.0,20.824111115907726
2022-01-05 06:20:00,18.08758536183821,500,0,0.0,20.818979810246674
2022-01-05 06:30:00,18.087763155870626,500,0,0.0,20.81376348181948
2022-01-05 06:40:00,18.087942371129827,500,0,0.0,20.808499527884123
2022-01-05 06:50:00,18.08812256620064,500,0,0.0,20.803239207503793
2022-01-05 07:00:00,18.101809175766114,500,0,0.08850404271575116,20.798016327222285
2022-01-05 07:10:00,18.135773234522503,500,0,0.14139239649417323,20.792913070668874
2022-01-05 07:20:00,18.19356588394466,500,0,0.1954647331199768,20.78802840483695
2022-01-05 07:30:00,18.27786925884253,500,0,0.2506333127398701,20.78343746650353
2022-01-05 07:40:00,18.39056398232196,500,0,0.30680741018549457,20.77917920357868
2022-01-05 07:50:00,18.53293126676198,500,0,0.36387800038680623,20.775312037461845
2022-01-05 08:00:00,18.705513514698712,500,0,0.42168860856261703,20.771969243673084
2022-01-05 08:10:00,18.90737486774989,500,0,0.4800423482855869,20.76930004942551
2022-01-05 08:20:00,19.13649770208004,500,0,0.5387016394997345,20.767461147763242
2022-01-05 08:30:00,19.3904313600627,500,0,0.5973665561632506,20.766661839697917
2022-01-05 08:40:00,19.666302190497735,500,0,0.6556645265342723,20.767157431830128
2022-01-05 08:50:00,19.961517418784016,500,0,0.7131352452470919,20.769257340252807
2022-01-05 09:00:00,20.274740403863603,500,0,0.7691903231487413,20.773386209875753
2022-01-05 09:10:00,20.603062497230926,500,0,0.8230574222342023,20.78014546227496
2022-01-05 09:20:00,20.944148995390425,500,0,0.8736814490441208,20.790437619805743
2022-01-05 09:30:00,21.29537446839328,500,0,0.9196577363337025,20.805446473554184
2022-01-05 09:40:00,21.653607506918476,500,0,0.9592245372230004,20.826493238702824
2022-01-05 09:50:00,22.018226162970564,500,0,0.9901830054074399,20.855140525520255
2022-01-05 10:00:00,22.386723784810478,500,0,1.0,20.893204580665042
2022-01-05 10:10:00,22.755936208001817,500,0,1.0,20.942284993499925
2022-01-05 10:20:00,23.12482927146263,500,0,0.9984928847405781,21.00343953412812
2022-01-05 10:30:00,23.49113520425194,500,0,0.9656925310984852,21.076327908456733
2022-01-05 10:40:00,23.851280367130393,500,0,0.9106320448525513,21.158303144991805
2022-01-05 10:50:00,24.201389362995343,500,0,0.8333353581146996,21.244110073566844
2022-01-05 11:00:00,24.536511349564577,500,0,0.7359695112950937,21.326610143900325
2022-01-05 11:10:00,24.851246098797013,500,0,0.622349694685677,21.39898890596669
2022-01-05 11:20:00,25.13944032773753,500,0,0.4967376662517894,21.457312769860437
2022-01-05 11:30:00,25.394248862181147,500,0,0.3627522686834753,21.501366659671476
2022-01-05 11:40:00,25.608031495454696,500,0,0.22302287593970588,21.533316753477266
2022-01-05 11:50:00,25.772543313536854,500,0,0.0793268636396085,21.556033920169284
2022-01-05 12:00:00,25.889966245771543,500,0,0.0,21.57214590874355
2022-01-05 12:10:00,25.973777889419715,500,0,0.0,21.58373148706596
2022-01-05 12:20:00,26.03359533178992,500,0,0.0,21.592389531106164
2022-01-05 12:30:00,26.076281450057916,500,0,0.0,21.599210550215503
2022-01-05 12:40:00,26.10673543892222,500,0,0.0,21.604795331273635
2022-01-05 12:50:00,26.12845618413248,500,0,0.0,21.60942102237459
2022-01-05 13:00:00,26.143943701126126,500,0,0.0,21.613164778937062
2022-01-05 13:10:00,26.154985049207596,500,0,0.0,21.616005578216573
2022-01-05 13:20:00,26.162857715397294,500,0,0.0,21.617922080236895
2022-01-05 13:30:00,26.168474680514883,500,0,0.0,21.61892288308445
2022-01-05 13:40:00,26.17248833288246,500,0,0.0,21.619023327679315
2022-01-05 13:50:00,26.175364478084262,500,0,0.0,21.61827185886068
2022-01-05 14:00:00,26.177435479231725,500,0,0.0,21.616725510066317
2022-01-05 14:10:00,26.178938301053428,500,0,0.0,21.61444356021093
2022-01-05 14:20:00,26.18004231648672,500,0,0.0,21.61142543268943
2022-01-05 14:30:00,26.180868470308674,500,0,0.0,21.60768245122017
2022-01-05 14:40:00,26.181503711137104,500,0,0.0,21.60316362845333
2022-01-05 14:50:00,26.18201030608662,500,0,0.0,21.597856666972802
2022-01-05 15:00:00,26.18243320267913,500,0,0.0,21.591716844668554
2022-01-05 15:10:00,26.182804451696217,500,0,0.0,21.58475171642931
2022-01-05 15:20:00,26.18314643384673,500,0,0.0,21.577014501752274
2022-01-05 15:30:00,26.183474611708405,500,0,0.0,21.568559084633307
2022-01-05 15:40:00,26.183798587651275,500,0,0.0,21.559531784230785
2022-01-05 15:50:00,26.184123768680642,500,0,0.0,21.550079612607078
2022-01-05 16:00:00,26.1844531828223,500,0,0.0,21.540287027681188
2022-01-05 16:10:00,26.184788453311448,500,0,0.0,21.53020864872815
2022-01-05 16:20:00,26.18513048819267,500,0,0.0,21.51986993158789
2022-01-05 16:30:00,26.18548006008055,500,0,0.0,21.50925839746924
2022-01-05 16:40:00,26.18583760996776,500,0,0.0,21.498385275328474
2022-01-05 16:50:00,26.18620284910328,500,0,0.0,21.487311538854556
2022-01-05 17:00:00,26.186575365283755,500,0,0.0,21.47605796771677
2022-01-05 17:10:00,26.18695427835161,500,0,0.0,21.46468367761554
2022-01-05 17:20:00,26.187338435334556,500,0,0.0,21.453241560222523
2022-01-05 17:30:00,26.187726115340844,500,0,0.0,21.4418221577871
2022-01-05 17:40:00,26.188115834789564,500,0,0.0,21.430451073298173
2022-01-05 17:50:00,26.18850588215539,500,0,0.0,21.419194046953635
2022-01-05 18:00:00,26.188894605078747,500,0,0.0,21.4080943973604
2022-01-05 18:10:00,26.189280170009177,500,0,0.0,21.397218005346076
2022-01-05 18:20:00,26.18966107748236,500,0,0.0,21.38658394812228
2022-01-05 18:30:00,26.190036524401844,500,0,0.0,21.376165105575637
2022-01-05 18:40:00,26.19040656510027,500,0,0.0,21.365898041600303
2022-01-05 18:50:00,26.190771940894265,500,0,0.0,21.355711834119575
2022-01-05 19:00:00,26.191133558497434,500,0,0.0,21.345568434880988
2022-01-05 19:10:00,26.191492326044013,500,0,0.0,21.335441587107198
2022-01-05 19:20:00,26.191849312317906,500,0,0.0,21.325288917483704
2022-01-05 19:30:00,26.192205383224746,500,0,0.0,21.315100127445476
2022-01-05 19:40:00,26.192560946476277,500,0,0.0,21.304896537760214
2022-01-05 19:50:00,26.19291597326004,500,0,0.0,21.294710477428453
2022-01-05 20:00:00,26.193270551198268,500,0,0.0,21.284531021105067
2022-01-05 20:10:00,26.193624590792382,500,0,0.0,21.274373527230637
2022-01-05 20:20:00,26.193978357342736,500,0,0.0,21.264204753177182
2022-01-05 20:30:00,26.194332001854246,500,0,0.0,21.254028597461
2022-01-05 20:40:00,26.19468555702773,500,0,0.0,21.24385265501769
2022-01-05 20:50:00,26.195039086446325,500,0,0.0,21.233672866212146
2022-01-05 21:00:00,26.195392746870244,500,0,0.0,21.22347799277486
2022-01-05 21:10:00,26.195747161152937,500,0,0.0,21.213216463649587
2022-01-05 21:20:00,26.19610271000765,500,0,0.0,21.202894786918478
2022-01-05 21:30:00,26.196459454149487,500,0,0.0,21.19253430476965
2022-01-05 21:40:00,26.196816930599546,500,0,0.0,21.182186140293197
2022-01-05 21:50:00,26.197174961055158,500,0,0.0,21.171834886619763
2022-01-05 22:00:00,26.197533134259118,500,0,0.0,21.161509197751002
2022-01-05 22:10:00,26.19789118096574,500,0,0.0,21.151206580536382
2022-01-05 22:20:00,26.198248924786505,500,0,0.0,21.140925414474623
2022-01-05 22:30:00,26.198606136858796,500,0,0.0,21.130676077293174
2022-01-05 22:40:00,26.198950497544907,500,0,0.0,21.121685834215896
2022-01-05 22:50:00,26.19926779249039,500,0,0.0,21.11450077973859
2022-01-05 23:00:00,26.199550438403048,500,0,0.0,21.108860821077542
2022-01-05 23:10:00,26.199798258052677,500,0,0.0,21.104236647566722
2022-01-05 23:20:00,26.200015803148958,500,0,0.0,21.100155933840142
2022-01-05 23:30:00,26.200209405515338,500,0,0.0,21.09630787194328
2022-01-05 23:40:00,26.20038550869098,500,0,0.0,21.09249882664153
2022-01-05 23:50:00,26.2005497556568,500,0,0.0,21.088624047661142
2022-01-06 00:00:00,26.20071321036888,500,0,0.0,21.08397372028412
2022-01-06 00:10:00,26.20088910468318,500,0,0.0,21.078010333316342
2022-01-06 00:20:00,26.201087765081144,500,0,0.0,21.070646133353875
2022-01-06 00:30:00,26.20131429576882,500,0,0.0,21.06211095404433
2022-01-06 00:40:00,26.201568644623826,500,0,0.0,21.052778372621106
2022-01-06 00:50:00,26.20184796392486,500,0,0.0,21.042932131407724
2022-01-06 01:00:00,26.202147232860334,500,0,0.0,21.032873638054298
2022-01-06 01:10:00,26.202460879978563,500,0,0.0,21.02280308407353
2022-01-06 01:20:00,26.202784327815472,500,0,0.0,21.01278057516174
2022-01-06 01:30:00,26.203113791270738,500,0,0.0,21.002857945939468
2022-01-06 01:40:00,26.203446855013738,500,0,0.0,20.993005916556285
2022-01-06 01:50:00,26.203782111878567,500,0,0.0,20.983192265113757
2022-01-06 02:00:00,26.204118829479306,500,0,0.0,20.97338939279871
2022-01-06 02:10:00,26.204456717656498,500,0,0.0,20.963573745531903
2022-01-06 02:20:00,26.20479575034441,500,0,0.0,20.953727017236815
2022-01-06 02:30:00,26.20513583722739,500,0,0.0,20.943856445221172
2022-01-06 02:40:00,26.20547745944366,500,0,0.0,20.933906937098072
2022-01-06 02:50:00,26.20582078083136,500,0,0.0,20.923896670421527
2022-01-06 03:00:00,26.20616522447671,500,0,0.0,20.913895712314115
2022-01-06 03:10:00,26.206509633047872,500,0,0.0,20.903979276386963
2022-01-06 03:20:00,26.206853206977005,500,0,0.0,20.89414457426028
2022-01-06 03:30:00,26.207195190953357,500,0,0.0,20.884410165330337
2022-01-06 03:40:00,26.207535108770685,500,0,0.0,20.87476962440269
2022-01-06 03:50:00,26.207872761159777,500,0,0.0,20.865208706898557
2022-01-06 04:00:00,26.208208298858295,500,0,0.0,20.85569781538652
2022-01-06 04:10:00,26.208541992540624,500,0,0.0,20.846220499915944
2022-01-06 04:20:00,26.20887442283946,500,0,0.0,20.83673767194705
2022-01-06 04:30:00,26.20920616002489,500,0,0.0,20.827233655458258
2022-01-06 04:40:00,26.209537885784467,500,0,0.0,20.817680778061913
2022-01-06 04:50:00,26.209869707718717,500,0,0.0,20.808117366475926
2022-01-06 05:00:00,26.21020142273479,500,0,0.0,20.798571689134405
2022-01-06 05:10:00,26.21053290863531,500,0,0.0,20.789041427975462
2022-01-06 05:20:00,26.210864269347372,500,0,0.0,20.779507272956835
2022-01-06 05:30:00,26.211195988370527,500,0,0.0,20.76992790967779
2022-01-06 05:40:00,26.211529089556706,500,0,0.0,20.760234859852062
2022-01-06 05:50:00,26.21186444853128,500,0,0.0,20.750413601366745
2022-01-06 06:00:00,26.21220233763361,500,0,0.0,20.74049982343422
2022-01-06 06:10:00,26.21254282542134,500,0,0.0,20.73050625630276
2022-01-06 06:20:00,26.21288593831291,500,0,0.0,20.72043517985003
2022-01-06 06:30:00,26.21323167225779,500,0,0.0,20.710288909343944
2022-01-06 06:40:00,26.213580189068836,500,0,0.0,20.70005081601994
2022-01-06 06:50:00,26.213931489200842,500,0,0.0,20.689732530234323
2022-01-06 07:00:00,26.239937472722357,500,0,0.14048257840095563,20.67939106196718
2022-01-06 07:10:00,26.29413446908385,500,0,0.22532131125342125,20.66926182348834
2022-01-06 07:20:00,26.382302593287537,500,0,0.31250895290723657,20.65956903257029
2022-01-06 07:30:00,26.50851350549625,500,0,0.4018687173804655,20.650466363957094
2022-01-06 07:40:00,26.674829435375983,500,0,0.4931946494010281,20.64208611202048
2022-01-06 07:50:00,26.880721012398123,500,0,0.5862413118377687,20.634574962394254
2022-01-06 08:00:00,27.122895917926137,500,0,0.6807234813916911,20.6280864501241
2022-01-06 08:10:00,27.396646051359504,500,0,0.7762894041159573,20.622838075818436
2022-01-06 08:20:00,27.697464584038784,500,0,0.872434317194425,20.619272057512717
2022-01-06 08:30:00,28.020997783769655,500,0,0.9683943511402469,20.61816885749431
2022-01-06 08:40:00,28.358794732957765,500,0,1.0,20.62087873796554
2022-01-06 08:50:00,28.7039219348878,500,0,1.0,20.62944031002553
2022-01-06 09:00:00,29.052243116402654,500,0,1.0,20.646433841982798
2022-01-06 09:10:00,29.401997208899697,500,0,1.0,20.67467211055191
2022-01-06 09:20:00,29.752896476785565,500,0,1.0,20.716579760039167
2022-01-06 09:30:00,30.104863963995804,500,0,1.0,20.77329056950839
2022-01-06 09:40:00,30.45786131837822,500,0,1.0,20.843901673877554
2022-01-06 09:50:00,30.812124627316006,500,0,1.0,20.925380239808874
2022-01-06 10:00:00,31.16628491310431,500,0,0.9942601881137543,21.013099382245855
2022-01-06 10:10:00,31.516881935165777,500,0,0.9520275966224843,21.10198550167115
2022-01-06 10:20:00,31.860073578712605,500,0,0.8890875411471426,21.187259229445772
2022-01-06 10:30:00,32.192442575201156,500,0,0.8080080249945603,21.265127303624467
2022-01-06 10:40:00,32.51012590055912,500,0,0.7116552154499148,21.333286936009245
2022-01-06 10:50:00,32.808299626062364,500,0,0.6027394136093162,21.391108977222757
2022-01-06 11:00:00,33.081929080344516,500,0,0.4834514557233539,21.439509871030168
2022-01-06 11:10:00,33.32455093605504,500,0,0.35535745078549874,21.480307316953258
2022-01-06 11:20:00,33.528467706771124,500,0,0.21949196395891005,21.51549180465372
2022-01-06 11:30:00,33.68510470977989,500,0,0.07652948965592665,21.546736388081627
2022-01-06 11:40:00,33.796775610955386,500,0,0.0,21.575328650498705
2022-01-06 11:50:00,33.876323933132845,500,0,0.0,21.60227391737135
2022-01-06 12:00:00,33.932921980542034,500,0,0.0,21.6283217208329
2022-01-06 12:10:00,33.97312068342199,500,0,0.0,21.653961303258257
2022-01-06 12:20:00,34.00159948625372,500,0,0.0,21.67946942391427
2022-01-06 12:30:00,34.02170105358842,500,0,0.0,21.705038203472213
2022-01-06 12:40:00,34.03581347313555,500,0,0.0,21.730772138187604
2022-01-06 12:50:00,34.04564383935897,500,0,0.0,21.756646778980212
2022-01-06 13:00:00,34.05241407010313,500,0,0.0,21.78248080852063
2022-01-06 13:10:00,34.05700007861445,500,0,0.0,21.80801531168254
2022-01-06 13:20:00,34.06003116516948,500,0,0.0,21.832921814719157
2022-01-06 13:30:00,34.06196064023936,500,0,0.0,21.856844245070533
2022-01-06 13:40:00,34.06311647786011,500,0,0.0,21.879381117025332
2022-01-06 13:50:00,34.063737041947576,500,0,0.0,21.900133736977295
2022-01-06 14:00:00,34.06399551812286,500,0,0.0,21.918817567253427
2022-01-06 14:10:00,34.06401741024171,500,0,0.0,21.93525877090724
2022-01-06 14:20:00,34.06389351087844,500,0,0.0,21.94934725722851
2022-01-06 14:30:00,34.063689595859614,500,0,0.0,21.960993868844525
2022-01-06 14:40:00,34.06345363091536,500,0,0.0,21.9701023535672
2022-01-06 14:50:00,34.063220351903375,500,0,0.0,21.976626974610554
2022-01-06 15:00:00,34.06301513030612,500,0,0.0,21.980512758331315
2022-01-06 15:10:00,34.062856622288166,500,0,0.0,21.981706978600414
2022-01-06 15:20:00,34.06275795767449,500,0,0.0,21.980230272245535
2022-01-06 15:30:00,34.06272792573992,500,0,0.0,21.976142718420306
2022-01-06 15:40:00,34.062771718797954,500,0,0.0,21.969554332048574
2022-01-06 15:50:00,34.062890788919304,500,0,0.0,21.96069318611262
2022-01-06 16:00:00,34.06308275067431,500,0,0.0,21.94990489162592
2022-01-06 16:10:00,34.063342549945226,500,0,0.0,21.937527577356377
2022-01-06 16:20:00,34.063663437219226,500,0,0.0,21.92387796748517
2022-01-06 16:30:00,34.06403773463556,500,0,0.0,21.90924417317001
2022-01-06 16:40:00,34.064458280046395,500,0,0.0,21.89379525087861
2022-01-06 16:50:00,34.06491836227951,500,0,0.0,21.877691940368095
2022-01-06 17:00:00,34.06541144826227,500,0,0.0,21.861109542624035
2022-01-06 17:10:00,34.06593120961182,500,0,0.0,21.844215544835606
2022-01-06 17:20:00,34.06647173458502,500,0,0.0,21.82715014085261
2022-01-06 17:30:00,34.067027738439,500,0,0.0,21.810020287484804
2022-01-06 17:40:00,34.06759468249305,500,0,0.0,21.79290286354808
2022-01-06 17:50:00,34.06816827090886,500,0,0.0,21.775904065892973
2022-01-06 18:00:00,34.06874451117166,500,0,0.0,21.75911699138669
2022-01-06 18:10:00,34.06932071778073,500,0,0.0,21.742524669469276
2022-01-06 18:20:00,34.06989484539414,500,0,0.0,21.726139812693873
2022-01-06 18:30:00,34.070464827062594,500,0,0.0,21.710023508370796
2022-01-06 18:40:00,34.071028951043644,500,0,0.0,21.69419942326931
2022-01-06 18:50:00,34.07158569328639,500,0,0.0,21.678697906398156
2022-01-06 19:00:00,34.072133074317655,500,0,0.0,21.66360882945446
2022-01-06 19:10:00,34.07266903972944,500,0,0.0,21.648996766620257
2022-01-06 19:20:00,34.07319217306079,500,0,0.0,21.63485647827474
2022-01-06 19:30:00,34.0737017074143,500,0,0.0,21.621163179130235
2022-01-06 19:40:00,34.07419707031667,500,0,0.0,21.607919326947012
2022-01-06 19:50:00,34.07467807614397,500,0,0.0,21.595102352985123
2022-01-06 20:00:00,34.075144839696435,500,0,0.0,21.582687272653857
2022-01-06 20:10:00,34.075598237894944,500,0,0.0,21.570593836680928
2022-01-06 20:20:00,34.07603935802437,500,0,0.0,21.558775551580766
2022-01-06 20:30:00,34.07646938732028,500,0,0.0,21.54719101261435
2022-01-06 20:40:00,34.076889606882,500,0,0.0,21.535796550997475
2022-01-06 20:50:00,34.077301310332224,500,0,0.0,21.524554006718972
2022-01-06 21:00:00,34.077705695045545,500,0,0.0,21.51343584057031
2022-01-06 21:10:00,34.07810338250161,500,0,0.0,21.502465710007527
2022-01-06 21:20:00,34.07849466630027,500,0,0.0,21.491658818871656
2022-01-06 21:30:00,34.07887943824623,500,0,0.0,21.4810472763711
2022-01-06 21:40:00,34.079257771261126,500,0,0.0,21.470615913123765
2022-01-06 21:50:00,34.079630061095834,500,0,0.0,21.460330036432424
2022-01-06 22:00:00,34.079996887211124,500,0,0.0,21.450159701482335
2022-01-06 22:10:00,34.0803586601247,500,0,0.0,21.440105276145914
2022-01-06 22:20:00,34.08071584803892,500,0,0.0,21.43014911372302
2022-01-06 22:30:00,34.08106915353322,500,0,0.0,21.420254067481437
2022-01-06 22:40:00,34.08141870856801,500,0,0.0,21.41045751232741
2022-01-06 22:50:00,34.08176425983468,500,0,0.0,21.400794544220844
2022-01-06 23:00:00,34.082106137695334,500,0,0.0,21.39121353156952
2022-01-06 23:10:00,34.08244468222537,500,0,0.0,21.381703979299346
2022-01-06 23:20:00,34.08277985821513,500,0,0.0,21.372293981687108
2022-01-06 23:30:00,34.083111653921016,500,0,0.0,21.36298218365846
2022-01-06 23:40:00,34.08344000904178,500,0,0.0,21.35377382576553
2022-01-06 23:50:00,34.08376487044143,500,0,0.0,21.344669921287277
2022-01-07 00:00:00,34.08408699537974,500,0,0.0,21.335590183698514
2022-01-07 00:10:00,34.08440710246181,500,0,0.0,21.326516706460097
2022-01-07 00:20:00,34.084725694590645,500,0,0.0,21.317450570837536
2022-01-07 00:30:00,34.08504265358851,500,0,0.0,21.308439996988454
2022-01-07 00:40:00,34.08535751515122,500,0,0.0,21.299523333051184
2022-01-07 00:50:00,34.08566983328605,500,0,0.0,21.29071210227994
2022-01-07 01:00:00,34.0859791639169,500,0,0.0,21.282018955760577
2022-01-07 01:10:00,34.086285190135534,500,0,0.0,21.273443844133
2022-01-07 01:20:00,34.086587802378354,500,0,0.0,21.264974961020926
2022-01-07 01:30:00,34.08688725128166,500,0,0.0,21.25657909639267
2022-01-07 01:40:00,34.087184132103474,500,0,0.0,21.248214239218214
2022-01-07 01:50:00,34.087479057032745,500,0,0.0,21.23986153673468
2022-01-07 02:00:00,34.08777242999875,500,0,0.0,21.23152438361285
2022-01-07 02:10:00,34.088064411923064,500,0,0.0,21.22321568053303
2022-01-07 02:20:00,34.0883548115051,500,0,0.0,21.214966352992633
2022-01-07 02:30:00,34.08864328993807,500,0,0.0,21.206796802543977
2022-01-07 02:40:00,34.08892973898947,500,0,0.0,21.198693508245924
2022-01-07 02:50:00,34.0892145884138,500,0,0.0,21.19060527250258
2022-01-07 03:00:00,34.08949842293557,500,0,0.0,21.182504072748998
2022-01-07 03:10:00,34.08978197752385,500,0,0.0,21.17435790035961
2022-01-07 03:20:00,34.09006581171134,500,0,0.0,21.166163300127664
2022-01-07 03:30:00,34.09035010541516,500,0,0.0,21.157942483165243
2022-01-07 03:40:00,34.09063504552896,500,0,0.0,21.149689563513675
2022-01-07 03:50:00,34.09092073248786,500,0,0.0,21.14140788741497
2022-01-07 04:00:00,34.091207043913904,500,0,0.0,21.13311705734668
2022-01-07 04:10:00,34.091493826308415,500,0,0.0,21.124823739715794
2022-01-07 04:20:00,34.091780696363514,500,0,0.0,21.11655555661855
2022-01-07 04:30:00,34.092067478847746,500,0,0.0,21.108302540109435
2022-01-07 04:40:00,34.09235413179791,500,0,0.0,21.100056282208243
2022-01-07 04:50:00,34.092640563738456,500,0,0.0,21.091822990179935
2022-01-07 05:00:00,34.09292639578538,500,0,0.0,21.08363431502221
2022-01-07 05:10:00,34.093211294159296,500,0,0.0,21.075496614874282
2022-01-07 05:20:00,34.0934950480164,500,0,0.0,21.067407091111818
2022-01-07 05:30:00,34.093777515690086,500,0,0.0,21.059364831970015
2022-01-07 05:40:00,34.09405840388528,500,0,0.0,21.051389225722232
2022-01-07 05:50:00,34.09433702346172,500,0,0.0,21.04352868344722
2022-01-07 06:00:00,34.09461249505846,500,0,0.0,21.035822256897518
2022-01-07 06:10:00,34.09488418254492,500,0,0.0,21.02827071534557
2022-01-07 06:20:00,34.095151874890504,500,0,0.0,21.02084946163086
2022-01-07 06:30:00,34.095415719491,500,0,0.0,21.013528387025872
2022-01-07 06:40:00,34.095676065671654,500,0,0.0,21.006282859911153
2022-01-07 06:50:00,34.09593332504366,500,0,0.0,20.999096531384566
2022-01-07 07:00:00,34.096742033894564,500,0,0.0035302911746081626,20.991943179593363
2022-01-07 07:10:00,34.0988354594791,500,0,0.008676835152697527,20.984808795117715
2022-01-07 07:20:00,34.10299770514006,500,0,0.01561085725338981,20.97767815223051
2022-01-07 07:30:00,34.11008911060873,500,0,0.024331435915213126,20.970551212747523
2022-01-07 07:40:00,34.121020904081014,500,0,0.03483150426212687,20.96344198515726
2022-01-07 07:50:00,34.136750464559874,500,0,0.0470907282848943,20.956386738886067
2022-01-07 08:00:00,34.15825724568061,500,0,0.061075536111964784,20.949431197215745
2022-01-07 08:10:00,34.18651059110265,500,0,0.0767494763132042,20.94260148700414
2022-01-07 08:20:00,34.222480085907826,500,0,0.0940765492236426,20.935907751285413
2022-01-07 08:30:00,34.267128792755344,500,0,0.11301723013367297,20.929362372924516
2022-01-07 08:40:00,34.32144353068333,500,0,0.1335218643180251,20.9229937665732
2022-01-07 08:50:00,34.38630585660673,500,0,0.15554495097615742,20.916804604661593
2022-01-07 09:00:00,34.462719136235776,500,0,0.17902904404218828,20.9108232915969
2022-01-07 09:10:00,34.551525157752586,500,0,0.2039131650752574,20.905070037078985
2022-01-07 09:20:00,34.65356584447875,500,0,0.23013013167373428,20.89956764314411
2022-01-07 09:30:00,34.769511323681236,500,0,0.25761237772207546,20.89432673757983
2022-01-07 09:40:00,34.89990280454543,500,0,0.2862908996461303,20.889355146289745
2022-01-07 09:50:00,35.04529283382247,500,0,0.316078533765789,20.884697661233076
2022-01-07 10:00:00,35.20573438822444,500,0,0.3468875403875039,20.88037475381134
2022-01-07 10:10:00,35.38131332545654,500,0,0.3786227467884727,20.87641214296309
2022-01-07 10:20:00,35.57191284345278,500,0,0.4111749104997197,20.872852938213327
2022-01-07 10:30:00,35.777239043226054,500,0,0.44442149543727383,20.86974591548642
2022-01-07 10:40:00,35.99685375991985,500,0,0.47822699771009347,20.86714153057983
2022-01-07 10:50:00,36.2300669681684,500,0,0.5124495558010733,20.865075872010493
2022-01-07 11:00:00,36.47613751963703,500,0,0.5469367747576226,20.863588413652906
2022-01-07 11:10:00,36.73429661123902,500,0,0.5815190590093788,20.862735293070727
2022-01-07 11:20:00,37.00376603052559,500,0,0.6160080238472093,20.862583399946743
2022-01-07 11:30:00,37.28430650160263,500,0,0.6501675061729504,20.863270381662005
2022-01-07 11:40:00,37.575177787866714,500,0,0.6837074168695608,20.8649781776694
2022-01-07 11:50:00,37.875616598011156,500,0,0.7162689677077843,20.867941385564336
2022-01-07 12:00:00,38.184630350927634,500,0,0.7474287893235158,20.87240772597579
2022-01-07 12:10:00,38.501046499387876,500,0,0.7767144236854111,20.878595175185183
2022-01-07 12:20:00,38.82421420762481,500,0,0.8035906608999298,20.886740170382836
2022-01-07 12:30:00,39.15318458072956,500,0,0.8274569242934253,20.89709301196126
2022-01-07 12:40:00,39.48722418125079,500,0,0.8476419246649339,20.9099221294382
2022-01-07 12:50:00,39.82549054117072,500,0,0.8634024104571677,20.925506558232883
2022-01-07 13:00:00,40.166555532468294,500,0,0.8739592717406703,20.94404747333465
2022-01-07 13:10:00,40.509522356063066,500,0,0.8785309603484881,20.965636478700617
2022-01-07 13:20:00,40.852872517957216,500,0,0.8764123440865208,20.990138355606177
2022-01-07 13:30:00,41.19582905952465,500,0,0.8670375292069479,21.017177503519633
2022-01-07 13:40:00,41.536886806500966,500,0,0.8500669610175837,21.046076733582595
2022-01-07 13:50:00,41.87450460748986,500,0,0.8254594273410615,21.075865546205023
2022-01-07 14:00:00,42.20732808595554,500,0,0.7934933240749416,21.105399465152004
2022-01-07 14:10:00,42.53367467444558,500,0,0.7547595537461853,21.133475813978293
2022-01-07 14:20:00,42.85205075160167,500,0,0.7100820814746931,21.15904833186505
2022-01-07 14:30:00,43.160858147241896,500,0,0.6604126089612896,21.18137802925048
2022-01-07 14:40:00,43.45840475891278,500,0,0.6067263765479325,21.200095131956914
2022-01-07 14:50:00,43.74260442879908,500,0,0.5499591701504852,21.215131536089757
2022-01-07 15:00:00,44.01144499127654,500,0,0.4909656442324559,21.226643272639194
2022-01-07 15:10:00,44.262949358757226,500,0,0.4304968042019677,21.234933621213713
2022-01-07 15:20:00,44.49525544703648,500,0,0.36918798469958086,21.240396273286024
2022-01-07 15:30:00,44.70635948666246,500,0,0.3075708344153656,21.243436236363777
2022-01-07 15:40:00,44.89409862723124,500,0,0.24611093736495687,21.24437749847857
2022-01-07 15:50:00,45.05672246296699,500,0,0.18520444275502773,21.24351708820177
2022-01-07 16:00:00,45.19277773969131,500,0,0.1251407288272831,21.241225712430605
2022-01-07 16:10:00,45.30066865126153,500,0,0.06615556089317186,21.23778427202342
2022-01-07 16:20:00,45.37919701462627,500,0,0.00847301172800842,21.233339588587114
2022-01-07 16:30:00,45.43537702449,500,0,0.0,21.22799276603473
2022-01-07 16:40:00,45.475591523493144,500,0,0.0,21.221872365531453
2022-01-07 16:50:00,45.50440106317886,500,0,0.0,21.215129419659206
2022-01-07 17:00:00,45.52506343418014,500,0,0.0,21.207945635505894
2022-01-07 17:10:00,45.53990478124046,500,0,0.0,21.200554789473244
2022-01-07 17:20:00,45.55058554529158,500,0,0.0,21.19317278215749
2022-01-07 17:30:00,45.558291461685265,500,0,0.0,21.185904771053174
2022-01-07 17:40:00,45.56386987250583,500,0,0.0,21.178765463606396
2022-01-07 17:50:00,45.56792664737227,500,0,0.0,21.171730254740396
2022-01-07 18:00:00,45.570895121939685,500,0,0.0,21.164768976123014
2022-01-07 18:10:00,45.57308556538529,500,0,0.0,21.157826243863383
2022-01-07 18:20:00,45.574719903373946,500,0,0.0,21.1508853886844
2022-01-07 18:30:00,45.57595651715513,500,0,0.0,21.14397033952264
2022-01-07 18:40:00,45.5769085493547,500,0,0.0,21.13708696790127
2022-01-07 18:50:00,45.57765721209257,500,0,0.0,21.130200441890338
2022-01-07 19:00:00,45.57826091696595,500,0,0.0,21.123273773082474
2022-01-07 19:10:00,45.57876179505158,500,0,0.0,21.116268374455103
2022-01-07 19:20:00,45.579190811369585,500,0,0.0,21.109098186214396
2022-01-07 19:30:00,45.57957086270209,500,0,0.0,21.10168597797019
2022-01-07 19:40:00,45.579918583820294,500,0,0.0,21.09400452949194
2022-01-07 19:50:00,45.58024540285534,500,0,0.0,21.08610041715292
2022-01-07 20:00:00,45.58055847760497,500,0,0.0,21.078075639867166
2022-01-07 20:10:00,45.5808621824643,500,0,0.0,21.07000506293116
2022-01-07 20:20:00,45.58115934723856,500,0,0.0,21.06191864419816
2022-01-07 20:30:00,45.58145180551325,500,0,0.0,21.053835462742427
2022-01-07 20:40:00,45.58174085907288,500,0,0.0,21.045756401457766
2022-01-07 20:50:00,45.582027209760454,500,0,0.0,21.037704538517573
2022-01-07 21:00:00,45.582311128497444,500,0,0.0,21.02970316629944
2022-01-07 21:10:00,45.582592687966276,500,0,0.0,21.021764496304968
2022-01-07 21:20:00,45.58287156198398,500,0,0.0,21.01392670437781
2022-01-07 21:30:00,45.58314715254471,500,0,0.0,21.00622662758542
2022-01-07 21:40:00,45.5834189914357,500,0,0.0,20.998668384701887
2022-01-07 21:50:00,45.58368694052787,500,0,0.0,20.99123213529674
2022-01-07 22:00:00,45.58395150038586,500,0,0.0,20.983857375533262
2022-01-07 22:10:00,45.58421328582428,500,0,0.0,20.97651815457357
2022-01-07 22:20:00,45.58447292550058,500,0,0.0,20.96919536819769
2022-01-07 22:30:00,45.58473092737597,500,0,0.0,20.961883096453676
2022-01-07 22:40:00,45.58498982004629,500,0,0.0,20.95436270857317
2022-01-07 22:50:00,45.58525221013765,500,0,0.0,20.94655350312678
2022-01-07 23:00:00,45.58551943083,500,0,0.0,20.938508975283185
2022-01-07 23:10:00,45.585791285761935,500,0,0.0,20.930345150605717
2022-01-07 23:20:00,45.58606683938579,500,0,0.0,20.922142311894277
2022-01-07 23:30:00,45.58634459736153,500,0,0.0,20.913983818107226
2022-01-07 23:40:00,45.58662318474153,500,0,0.0,20.90590065248398
2022-01-07 23:50:00,45.58690178583375,500,0,0.0,20.897875951566675
