,TagName,DateTime,Value,vValue
0,damper_position_sensor,2023-11-27 00:00:00+01:00,1.0,1.0
1,damper_position_sensor,2023-11-27 00:10:00+01:00,0.0,0.0
2,damper_position_sensor,2023-11-27 00:20:00+01:00,0.0,0.0
3,damper_position_sensor,2023-11-27 00:30:00+01:00,0.0,0.0
4,damper_position_sensor,2023-11-27 00:40:00+01:00,0.0,0.0
5,damper_position_sensor,2023-11-27 00:50:00+01:00,0.0,0.0
6,damper_position_sensor,2023-11-27 01:00:00+01:00,0.0,0.0
7,damper_position_sensor,2023-11-27 01:10:00+01:00,0.0,0.0
8,damper_position_sensor,2023-11-27 01:20:00+01:00,0.0,0.0
9,damper_position_sensor,2023-11-27 01:30:00+01:00,0.0,0.0
10,damper_position_sensor,2023-11-27 01:40:00+01:00,0.0,0.0
11,damper_position_sensor,2023-11-27 01:50:00+01:00,0.0,0.0
12,damper_position_sensor,2023-11-27 02:00:00+01:00,0.0,0.0
13,damper_position_sensor,2023-11-27 02:10:00+01:00,0.0,0.0
14,damper_position_sensor,2023-11-27 02:20:00+01:00,0.0,0.0
15,damper_position_sensor,2023-11-27 02:30:00+01:00,0.0,0.0
16,damper_position_sensor,2023-11-27 02:40:00+01:00,0.0,0.0
17,damper_position_sensor,2023-11-27 02:50:00+01:00,0.0,0.0
18,damper_position_sensor,2023-11-27 03:00:00+01:00,0.0,0.0
19,damper_position_sensor,2023-11-27 03:10:00+01:00,0.0,0.0
20,damper_position_sensor,2023-11-27 03:20:00+01:00,0.0,0.0
21,damper_position_sensor,2023-11-27 03:30:00+01:00,0.0,0.0
22,damper_position_sensor,2023-11-27 03:40:00+01:00,0.0,0.0
23,damper_position_sensor,2023-11-27 03:50:00+01:00,0.0,0.0
24,damper_position_sensor,2023-11-27 04:00:00+01:00,0.0,0.0
25,damper_position_sensor,2023-11-27 04:10:00+01:00,0.0,0.0
26,damper_position_sensor,2023-11-27 04:20:00+01:00,0.0,0.0
27,damper_position_sensor,2023-11-27 04:30:00+01:00,0.0,0.0
28,damper_position_sensor,2023-11-27 04:40:00+01:00,0.0,0.0
29,damper_position_sensor,2023-11-27 04:50:00+01:00,0.0,0.0
30,damper_position_sensor,2023-11-27 05:00:00+01:00,0.0,0.0
31,damper_position_sensor,2023-11-27 05:10:00+01:00,0.0,0.0
32,damper_position_sensor,2023-11-27 05:20:00+01:00,0.0,0.0
33,damper_position_sensor,2023-11-27 05:30:00+01:00,0.0,0.0
34,damper_position_sensor,2023-11-27 05:40:00+01:00,0.0,0.0
35,damper_position_sensor,2023-11-27 05:50:00+01:00,0.0,0.0
36,damper_position_sensor,2023-11-27 06:00:00+01:00,0.0,0.0
37,damper_position_sensor,2023-11-27 06:10:00+01:00,0.0,0.0
38,damper_position_sensor,2023-11-27 06:20:00+01:00,0.0,0.0
39,damper_position_sensor,2023-11-27 06:30:00+01:00,0.0,0.0
40,damper_position_sensor,2023-11-27 06:40:00+01:00,0.0,0.0
41,damper_position_sensor,2023-11-27 06:50:00+01:00,0.0,0.0
42,damper_position_sensor,2023-11-27 07:00:00+01:00,0.0,0.0
43,damper_position_sensor,2023-11-27 07:10:00+01:00,0.0,0.0
44,damper_position_sensor,2023-11-27 07:20:00+01:00,0.0,0.0
45,damper_position_sensor,2023-11-27 07:30:00+01:00,0.0,0.0
46,damper_position_sensor,2023-11-27 07:40:00+01:00,0.0,0.0
47,damper_position_sensor,2023-11-27 07:50:00+01:00,0.0,0.0
48,damper_position_sensor,2023-11-27 08:00:00+01:00,0.0,0.0
49,damper_position_sensor,2023-11-27 08:10:00+01:00,0.0,0.0
50,damper_position_sensor,2023-11-27 08:20:00+01:00,0.0,0.0
51,damper_position_sensor,2023-11-27 08:30:00+01:00,0.0,0.0
52,damper_position_sensor,2023-11-27 08:40:00+01:00,0.0,0.0
53,damper_position_sensor,2023-11-27 08:50:00+01:00,0.0,0.0
54,damper_position_sensor,2023-11-27 09:00:00+01:00,0.0,0.0
55,damper_position_sensor,2023-11-27 09:10:00+01:00,0.0,0.0
56,damper_position_sensor,2023-11-27 09:20:00+01:00,0.0,0.0
57,damper_position_sensor,2023-11-27 09:30:00+01:00,0.0,0.0
58,damper_position_sensor,2023-11-27 09:40:00+01:00,0.0,0.0
59,damper_position_sensor,2023-11-27 09:50:00+01:00,0.0,0.0
60,damper_position_sensor,2023-11-27 10:00:00+01:00,0.0,0.0
61,damper_position_sensor,2023-11-27 10:10:00+01:00,0.0,0.0
62,damper_position_sensor,2023-11-27 10:20:00+01:00,0.0,0.0
63,damper_position_sensor,2023-11-27 10:30:00+01:00,0.0,0.0
64,damper_position_sensor,2023-11-27 10:40:00+01:00,0.0,0.0
65,damper_position_sensor,2023-11-27 10:50:00+01:00,0.0,0.0
66,damper_position_sensor,2023-11-27 11:00:00+01:00,0.0,0.0
67,damper_position_sensor,2023-11-27 11:10:00+01:00,0.0,0.0
68,damper_position_sensor,2023-11-27 11:20:00+01:00,0.0,0.0
69,damper_position_sensor,2023-11-27 11:30:00+01:00,0.0,0.0
70,damper_position_sensor,2023-11-27 11:40:00+01:00,0.0,0.0
71,damper_position_sensor,2023-11-27 11:50:00+01:00,0.0,0.0
72,damper_position_sensor,2023-11-27 12:00:00+01:00,0.0,0.0
73,damper_position_sensor,2023-11-27 12:10:00+01:00,0.0,0.0
74,damper_position_sensor,2023-11-27 12:20:00+01:00,0.0,0.0
75,damper_position_sensor,2023-11-27 12:30:00+01:00,0.0,0.0
76,damper_position_sensor,2023-11-27 12:40:00+01:00,0.0,0.0
77,damper_position_sensor,2023-11-27 12:50:00+01:00,0.0,0.0
78,damper_position_sensor,2023-11-27 13:00:00+01:00,0.0,0.0
79,damper_position_sensor,2023-11-27 13:10:00+01:00,0.0,0.0
80,damper_position_sensor,2023-11-27 13:20:00+01:00,0.0,0.0
81,damper_position_sensor,2023-11-27 13:30:00+01:00,0.0,0.0
82,damper_position_sensor,2023-11-27 13:40:00+01:00,0.0,0.0
83,damper_position_sensor,2023-11-27 13:50:00+01:00,0.0,0.0
84,damper_position_sensor,2023-11-27 14:00:00+01:00,0.0,0.0
85,damper_position_sensor,2023-11-27 14:10:00+01:00,0.0,0.0
86,damper_position_sensor,2023-11-27 14:20:00+01:00,0.0,0.0
87,damper_position_sensor,2023-11-27 14:30:00+01:00,0.0,0.0
88,damper_position_sensor,2023-11-27 14:40:00+01:00,0.0,0.0
89,damper_position_sensor,2023-11-27 14:50:00+01:00,0.0,0.0
90,damper_position_sensor,2023-11-27 15:00:00+01:00,0.0,0.0
91,damper_position_sensor,2023-11-27 15:10:00+01:00,0.0,0.0
92,damper_position_sensor,2023-11-27 15:20:00+01:00,0.0,0.0
93,damper_position_sensor,2023-11-27 15:30:00+01:00,0.0,0.0
94,damper_position_sensor,2023-11-27 15:40:00+01:00,0.0,0.0
95,damper_position_sensor,2023-11-27 15:50:00+01:00,0.0,0.0
96,damper_position_sensor,2023-11-27 16:00:00+01:00,0.0,0.0
97,damper_position_sensor,2023-11-27 16:10:00+01:00,0.0,0.0
98,damper_position_sensor,2023-11-27 16:20:00+01:00,0.0,0.0
99,damper_position_sensor,2023-11-27 16:30:00+01:00,0.0,0.0
100,damper_position_sensor,2023-11-27 16:40:00+01:00,0.0,0.0
101,damper_position_sensor,2023-11-27 16:50:00+01:00,0.0,0.0
102,damper_position_sensor,2023-11-27 17:00:00+01:00,0.0,0.0
103,damper_position_sensor,2023-11-27 17:10:00+01:00,0.0,0.0
104,damper_position_sensor,2023-11-27 17:20:00+01:00,0.0,0.0
105,damper_position_sensor,2023-11-27 17:30:00+01:00,0.0,0.0
106,damper_position_sensor,2023-11-27 17:40:00+01:00,0.0,0.0
107,damper_position_sensor,2023-11-27 17:50:00+01:00,0.0,0.0
108,damper_position_sensor,2023-11-27 18:00:00+01:00,0.0,0.0
109,damper_position_sensor,2023-11-27 18:10:00+01:00,0.0,0.0
110,damper_position_sensor,2023-11-27 18:20:00+01:00,0.0,0.0
111,damper_position_sensor,2023-11-27 18:30:00+01:00,0.0,0.0
112,damper_position_sensor,2023-11-27 18:40:00+01:00,0.0,0.0
113,damper_position_sensor,2023-11-27 18:50:00+01:00,0.0,0.0
114,damper_position_sensor,2023-11-27 19:00:00+01:00,0.0,0.0
115,damper_position_sensor,2023-11-27 19:10:00+01:00,0.0,0.0
116,damper_position_sensor,2023-11-27 19:20:00+01:00,0.0,0.0
117,damper_position_sensor,2023-11-27 19:30:00+01:00,0.0,0.0
118,damper_position_sensor,2023-11-27 19:40:00+01:00,0.0,0.0
119,damper_position_sensor,2023-11-27 19:50:00+01:00,0.0,0.0
120,damper_position_sensor,2023-11-27 20:00:00+01:00,0.0,0.0
121,damper_position_sensor,2023-11-27 20:10:00+01:00,0.0,0.0
122,damper_position_sensor,2023-11-27 20:20:00+01:00,0.0,0.0
123,damper_position_sensor,2023-11-27 20:30:00+01:00,0.0,0.0
124,damper_position_sensor,2023-11-27 20:40:00+01:00,0.0,0.0
125,damper_position_sensor,2023-11-27 20:50:00+01:00,0.0,0.0
126,damper_position_sensor,2023-11-27 21:00:00+01:00,0.0,0.0
127,damper_position_sensor,2023-11-27 21:10:00+01:00,0.0,0.0
128,damper_position_sensor,2023-11-27 21:20:00+01:00,0.0,0.0
129,damper_position_sensor,2023-11-27 21:30:00+01:00,0.0,0.0
130,damper_position_sensor,2023-11-27 21:40:00+01:00,0.0,0.0
131,damper_position_sensor,2023-11-27 21:50:00+01:00,0.0,0.0
132,damper_position_sensor,2023-11-27 22:00:00+01:00,0.0,0.0
133,damper_position_sensor,2023-11-27 22:10:00+01:00,0.0,0.0
134,damper_position_sensor,2023-11-27 22:20:00+01:00,0.0,0.0
135,damper_position_sensor,2023-11-27 22:30:00+01:00,0.0,0.0
136,damper_position_sensor,2023-11-27 22:40:00+01:00,0.0,0.0
137,damper_position_sensor,2023-11-27 22:50:00+01:00,0.0,0.0
138,damper_position_sensor,2023-11-27 23:00:00+01:00,0.0,0.0
139,damper_position_sensor,2023-11-27 23:10:00+01:00,0.0,0.0
140,damper_position_sensor,2023-11-27 23:20:00+01:00,0.0,0.0
141,damper_position_sensor,2023-11-27 23:30:00+01:00,0.0,0.0
142,damper_position_sensor,2023-11-27 23:40:00+01:00,0.0,0.0
143,damper_position_sensor,2023-11-27 23:50:00+01:00,0.0,0.0
144,damper_position_sensor,2023-11-28 00:00:00+01:00,0.0,0.0
145,damper_position_sensor,2023-11-28 00:10:00+01:00,0.0,0.0
146,damper_position_sensor,2023-11-28 00:20:00+01:00,0.0,0.0
147,damper_position_sensor,2023-11-28 00:30:00+01:00,0.0,0.0
148,damper_position_sensor,2023-11-28 00:40:00+01:00,0.0,0.0
149,damper_position_sensor,2023-11-28 00:50:00+01:00,0.0,0.0
150,damper_position_sensor,2023-11-28 01:00:00+01:00,0.0,0.0
151,damper_position_sensor,2023-11-28 01:10:00+01:00,0.0,0.0
152,damper_position_sensor,2023-11-28 01:20:00+01:00,0.0,0.0
153,damper_position_sensor,2023-11-28 01:30:00+01:00,0.0,0.0
154,damper_position_sensor,2023-11-28 01:40:00+01:00,0.0,0.0
155,damper_position_sensor,2023-11-28 01:50:00+01:00,0.0,0.0
156,damper_position_sensor,2023-11-28 02:00:00+01:00,0.0,0.0
157,damper_position_sensor,2023-11-28 02:10:00+01:00,0.0,0.0
158,damper_position_sensor,2023-11-28 02:20:00+01:00,0.0,0.0
159,damper_position_sensor,2023-11-28 02:30:00+01:00,0.0,0.0
160,damper_position_sensor,2023-11-28 02:40:00+01:00,0.0,0.0
161,damper_position_sensor,2023-11-28 02:50:00+01:00,0.0,0.0
162,damper_position_sensor,2023-11-28 03:00:00+01:00,0.0,0.0
163,damper_position_sensor,2023-11-28 03:10:00+01:00,0.0,0.0
164,damper_position_sensor,2023-11-28 03:20:00+01:00,0.0,0.0
165,damper_position_sensor,2023-11-28 03:30:00+01:00,0.0,0.0
166,damper_position_sensor,2023-11-28 03:40:00+01:00,0.0,0.0
167,damper_position_sensor,2023-11-28 03:50:00+01:00,0.0,0.0
168,damper_position_sensor,2023-11-28 04:00:00+01:00,0.0,0.0
169,damper_position_sensor,2023-11-28 04:10:00+01:00,0.0,0.0
170,damper_position_sensor,2023-11-28 04:20:00+01:00,0.0,0.0
171,damper_position_sensor,2023-11-28 04:30:00+01:00,0.0,0.0
172,damper_position_sensor,2023-11-28 04:40:00+01:00,0.0,0.0
173,damper_position_sensor,2023-11-28 04:50:00+01:00,0.0,0.0
174,damper_position_sensor,2023-11-28 05:00:00+01:00,0.0,0.0
175,damper_position_sensor,2023-11-28 05:10:00+01:00,0.0,0.0
176,damper_position_sensor,2023-11-28 05:20:00+01:00,0.0,0.0
177,damper_position_sensor,2023-11-28 05:30:00+01:00,0.0,0.0
178,damper_position_sensor,2023-11-28 05:40:00+01:00,0.0,0.0
179,damper_position_sensor,2023-11-28 05:50:00+01:00,0.0,0.0
180,damper_position_sensor,2023-11-28 06:00:00+01:00,0.0,0.0
181,damper_position_sensor,2023-11-28 06:10:00+01:00,0.0,0.0
182,damper_position_sensor,2023-11-28 06:20:00+01:00,0.0,0.0
183,damper_position_sensor,2023-11-28 06:30:00+01:00,0.0,0.0
184,damper_position_sensor,2023-11-28 06:40:00+01:00,0.0,0.0
185,damper_position_sensor,2023-11-28 06:50:00+01:00,0.0,0.0
186,damper_position_sensor,2023-11-28 07:00:00+01:00,0.0,0.0
187,damper_position_sensor,2023-11-28 07:10:00+01:00,0.0,0.0
188,damper_position_sensor,2023-11-28 07:20:00+01:00,0.0,0.0
189,damper_position_sensor,2023-11-28 07:30:00+01:00,0.0,0.0
190,damper_position_sensor,2023-11-28 07:40:00+01:00,0.0,0.0
191,damper_position_sensor,2023-11-28 07:50:00+01:00,0.0,0.0
192,damper_position_sensor,2023-11-28 08:00:00+01:00,0.0,0.0
193,damper_position_sensor,2023-11-28 08:10:00+01:00,0.0,0.0
194,damper_position_sensor,2023-11-28 08:20:00+01:00,0.0,0.0
195,damper_position_sensor,2023-11-28 08:30:00+01:00,0.0,0.0
196,damper_position_sensor,2023-11-28 08:40:00+01:00,0.0,0.0
197,damper_position_sensor,2023-11-28 08:50:00+01:00,0.0,0.0
198,damper_position_sensor,2023-11-28 09:00:00+01:00,0.0,0.0
199,damper_position_sensor,2023-11-28 09:10:00+01:00,0.0,0.0
200,damper_position_sensor,2023-11-28 09:20:00+01:00,0.0,0.0
201,damper_position_sensor,2023-11-28 09:30:00+01:00,0.0,0.0
202,damper_position_sensor,2023-11-28 09:40:00+01:00,0.0,0.0
203,damper_position_sensor,2023-11-28 09:50:00+01:00,0.0,0.0
204,damper_position_sensor,2023-11-28 10:00:00+01:00,0.0,0.0
205,damper_position_sensor,2023-11-28 10:10:00+01:00,0.0,0.0
206,damper_position_sensor,2023-11-28 10:20:00+01:00,0.0,0.0
207,damper_position_sensor,2023-11-28 10:30:00+01:00,0.0,0.0
208,damper_position_sensor,2023-11-28 10:40:00+01:00,0.0,0.0
209,damper_position_sensor,2023-11-28 10:50:00+01:00,0.0,0.0
210,damper_position_sensor,2023-11-28 11:00:00+01:00,0.0,0.0
211,damper_position_sensor,2023-11-28 11:10:00+01:00,0.0,0.0
212,damper_position_sensor,2023-11-28 11:20:00+01:00,0.0,0.0
213,damper_position_sensor,2023-11-28 11:30:00+01:00,0.0,0.0
214,damper_position_sensor,2023-11-28 11:40:00+01:00,0.0,0.0
215,damper_position_sensor,2023-11-28 11:50:00+01:00,0.0,0.0
216,damper_position_sensor,2023-11-28 12:00:00+01:00,0.0,0.0
217,damper_position_sensor,2023-11-28 12:10:00+01:00,0.0,0.0
218,damper_position_sensor,2023-11-28 12:20:00+01:00,0.0,0.0
219,damper_position_sensor,2023-11-28 12:30:00+01:00,0.0,0.0
220,damper_position_sensor,2023-11-28 12:40:00+01:00,0.0,0.0
221,damper_position_sensor,2023-11-28 12:50:00+01:00,0.0,0.0
222,damper_position_sensor,2023-11-28 13:00:00+01:00,0.0,0.0
223,damper_position_sensor,2023-11-28 13:10:00+01:00,0.0,0.0
224,damper_position_sensor,2023-11-28 13:20:00+01:00,0.0,0.0
225,damper_position_sensor,2023-11-28 13:30:00+01:00,0.0,0.0
226,damper_position_sensor,2023-11-28 13:40:00+01:00,0.0,0.0
227,damper_position_sensor,2023-11-28 13:50:00+01:00,0.0,0.0
228,damper_position_sensor,2023-11-28 14:00:00+01:00,0.0,0.0
229,damper_position_sensor,2023-11-28 14:10:00+01:00,0.0,0.0
230,damper_position_sensor,2023-11-28 14:20:00+01:00,0.0,0.0
231,damper_position_sensor,2023-11-28 14:30:00+01:00,0.0,0.0
232,damper_position_sensor,2023-11-28 14:40:00+01:00,0.0,0.0
233,damper_position_sensor,2023-11-28 14:50:00+01:00,0.0,0.0
234,damper_position_sensor,2023-11-28 15:00:00+01:00,0.0,0.0
235,damper_position_sensor,2023-11-28 15:10:00+01:00,0.0,0.0
236,damper_position_sensor,2023-11-28 15:20:00+01:00,0.0,0.0
237,damper_position_sensor,2023-11-28 15:30:00+01:00,0.0,0.0
238,damper_position_sensor,2023-11-28 15:40:00+01:00,0.0,0.0
239,damper_position_sensor,2023-11-28 15:50:00+01:00,0.0,0.0
240,damper_position_sensor,2023-11-28 16:00:00+01:00,0.0,0.0
241,damper_position_sensor,2023-11-28 16:10:00+01:00,0.0,0.0
242,damper_position_sensor,2023-11-28 16:20:00+01:00,0.0,0.0
243,damper_position_sensor,2023-11-28 16:30:00+01:00,0.0,0.0
244,damper_position_sensor,2023-11-28 16:40:00+01:00,0.0,0.0
245,damper_position_sensor,2023-11-28 16:50:00+01:00,0.0,0.0
246,damper_position_sensor,2023-11-28 17:00:00+01:00,0.0,0.0
247,damper_position_sensor,2023-11-28 17:10:00+01:00,0.0,0.0
248,damper_position_sensor,2023-11-28 17:20:00+01:00,0.0,0.0
249,damper_position_sensor,2023-11-28 17:30:00+01:00,0.0,0.0
250,damper_position_sensor,2023-11-28 17:40:00+01:00,0.0,0.0
251,damper_position_sensor,2023-11-28 17:50:00+01:00,0.0,0.0
252,damper_position_sensor,2023-11-28 18:00:00+01:00,0.0,0.0
253,damper_position_sensor,2023-11-28 18:10:00+01:00,0.0,0.0
254,damper_position_sensor,2023-11-28 18:20:00+01:00,0.0,0.0
255,damper_position_sensor,2023-11-28 18:30:00+01:00,0.0,0.0
256,damper_position_sensor,2023-11-28 18:40:00+01:00,0.0,0.0
257,damper_position_sensor,2023-11-28 18:50:00+01:00,0.0,0.0
258,damper_position_sensor,2023-11-28 19:00:00+01:00,0.0,0.0
259,damper_position_sensor,2023-11-28 19:10:00+01:00,0.0,0.0
260,damper_position_sensor,2023-11-28 19:20:00+01:00,0.0,0.0
261,damper_position_sensor,2023-11-28 19:30:00+01:00,0.0,0.0
262,damper_position_sensor,2023-11-28 19:40:00+01:00,0.0,0.0
263,damper_position_sensor,2023-11-28 19:50:00+01:00,0.0,0.0
264,damper_position_sensor,2023-11-28 20:00:00+01:00,0.0,0.0
265,damper_position_sensor,2023-11-28 20:10:00+01:00,0.0,0.0
266,damper_position_sensor,2023-11-28 20:20:00+01:00,0.0,0.0
267,damper_position_sensor,2023-11-28 20:30:00+01:00,0.0,0.0
268,damper_position_sensor,2023-11-28 20:40:00+01:00,0.0,0.0
269,damper_position_sensor,2023-11-28 20:50:00+01:00,0.0,0.0
270,damper_position_sensor,2023-11-28 21:00:00+01:00,0.0,0.0
271,damper_position_sensor,2023-11-28 21:10:00+01:00,0.0,0.0
272,damper_position_sensor,2023-11-28 21:20:00+01:00,0.0,0.0
273,damper_position_sensor,2023-11-28 21:30:00+01:00,0.0,0.0
274,damper_position_sensor,2023-11-28 21:40:00+01:00,0.0,0.0
275,damper_position_sensor,2023-11-28 21:50:00+01:00,0.0,0.0
276,damper_position_sensor,2023-11-28 22:00:00+01:00,0.0,0.0
277,damper_position_sensor,2023-11-28 22:10:00+01:00,0.0,0.0
278,damper_position_sensor,2023-11-28 22:20:00+01:00,0.0,0.0
279,damper_position_sensor,2023-11-28 22:30:00+01:00,0.0,0.0
280,damper_position_sensor,2023-11-28 22:40:00+01:00,0.0,0.0
281,damper_position_sensor,2023-11-28 22:50:00+01:00,0.0,0.0
282,damper_position_sensor,2023-11-28 23:00:00+01:00,0.0,0.0
283,damper_position_sensor,2023-11-28 23:10:00+01:00,0.0,0.0
284,damper_position_sensor,2023-11-28 23:20:00+01:00,0.0,0.0
285,damper_position_sensor,2023-11-28 23:30:00+01:00,0.0,0.0
286,damper_position_sensor,2023-11-28 23:40:00+01:00,0.0,0.0
287,damper_position_sensor,2023-11-28 23:50:00+01:00,0.0,0.0
288,damper_position_sensor,2023-11-29 00:00:00+01:00,0.0,0.0
289,damper_position_sensor,2023-11-29 00:10:00+01:00,0.0,0.0
290,damper_position_sensor,2023-11-29 00:20:00+01:00,0.0,0.0
291,damper_position_sensor,2023-11-29 00:30:00+01:00,0.0,0.0
292,damper_position_sensor,2023-11-29 00:40:00+01:00,0.0,0.0
293,damper_position_sensor,2023-11-29 00:50:00+01:00,0.0,0.0
294,damper_position_sensor,2023-11-29 01:00:00+01:00,0.0,0.0
295,damper_position_sensor,2023-11-29 01:10:00+01:00,0.0,0.0
296,damper_position_sensor,2023-11-29 01:20:00+01:00,0.0,0.0
297,damper_position_sensor,2023-11-29 01:30:00+01:00,0.0,0.0
298,damper_position_sensor,2023-11-29 01:40:00+01:00,0.0,0.0
299,damper_position_sensor,2023-11-29 01:50:00+01:00,0.0,0.0
300,damper_position_sensor,2023-11-29 02:00:00+01:00,0.0,0.0
301,damper_position_sensor,2023-11-29 02:10:00+01:00,0.0,0.0
302,damper_position_sensor,2023-11-29 02:20:00+01:00,0.0,0.0
303,damper_position_sensor,2023-11-29 02:30:00+01:00,0.0,0.0
304,damper_position_sensor,2023-11-29 02:40:00+01:00,0.0,0.0
305,damper_position_sensor,2023-11-29 02:50:00+01:00,0.0,0.0
306,damper_position_sensor,2023-11-29 03:00:00+01:00,0.0,0.0
307,damper_position_sensor,2023-11-29 03:10:00+01:00,0.0,0.0
308,damper_position_sensor,2023-11-29 03:20:00+01:00,0.0,0.0
309,damper_position_sensor,2023-11-29 03:30:00+01:00,0.0,0.0
310,damper_position_sensor,2023-11-29 03:40:00+01:00,0.0,0.0
311,damper_position_sensor,2023-11-29 03:50:00+01:00,0.0,0.0
312,damper_position_sensor,2023-11-29 04:00:00+01:00,0.0,0.0
313,damper_position_sensor,2023-11-29 04:10:00+01:00,0.0,0.0
314,damper_position_sensor,2023-11-29 04:20:00+01:00,0.0,0.0
315,damper_position_sensor,2023-11-29 04:30:00+01:00,0.0,0.0
316,damper_position_sensor,2023-11-29 04:40:00+01:00,0.0,0.0
317,damper_position_sensor,2023-11-29 04:50:00+01:00,0.0,0.0
318,damper_position_sensor,2023-11-29 05:00:00+01:00,0.0,0.0
319,damper_position_sensor,2023-11-29 05:10:00+01:00,0.0,0.0
320,damper_position_sensor,2023-11-29 05:20:00+01:00,0.0,0.0
321,damper_position_sensor,2023-11-29 05:30:00+01:00,0.0,0.0
322,damper_position_sensor,2023-11-29 05:40:00+01:00,0.0,0.0
323,damper_position_sensor,2023-11-29 05:50:00+01:00,0.0,0.0
324,damper_position_sensor,2023-11-29 06:00:00+01:00,0.0,0.0
325,damper_position_sensor,2023-11-29 06:10:00+01:00,0.0,0.0
326,damper_position_sensor,2023-11-29 06:20:00+01:00,0.0,0.0
327,damper_position_sensor,2023-11-29 06:30:00+01:00,0.0,0.0
328,damper_position_sensor,2023-11-29 06:40:00+01:00,0.0,0.0
329,damper_position_sensor,2023-11-29 06:50:00+01:00,0.0,0.0
330,damper_position_sensor,2023-11-29 07:00:00+01:00,0.0,0.0
331,damper_position_sensor,2023-11-29 07:10:00+01:00,0.0,0.0
332,damper_position_sensor,2023-11-29 07:20:00+01:00,0.0,0.0
333,damper_position_sensor,2023-11-29 07:30:00+01:00,0.0,0.0
334,damper_position_sensor,2023-11-29 07:40:00+01:00,0.0,0.0
335,damper_position_sensor,2023-11-29 07:50:00+01:00,0.0,0.0
336,damper_position_sensor,2023-11-29 08:00:00+01:00,0.0,0.0
337,damper_position_sensor,2023-11-29 08:10:00+01:00,0.0,0.0
338,damper_position_sensor,2023-11-29 08:20:00+01:00,0.0,0.0
339,damper_position_sensor,2023-11-29 08:30:00+01:00,0.0,0.0
340,damper_position_sensor,2023-11-29 08:40:00+01:00,0.0,0.0
341,damper_position_sensor,2023-11-29 08:50:00+01:00,0.0,0.0
342,damper_position_sensor,2023-11-29 09:00:00+01:00,0.0,0.0
343,damper_position_sensor,2023-11-29 09:10:00+01:00,0.0,0.0
344,damper_position_sensor,2023-11-29 09:20:00+01:00,0.0,0.0
345,damper_position_sensor,2023-11-29 09:30:00+01:00,0.0,0.0
346,damper_position_sensor,2023-11-29 09:40:00+01:00,0.0,0.0
347,damper_position_sensor,2023-11-29 09:50:00+01:00,0.0,0.0
348,damper_position_sensor,2023-11-29 10:00:00+01:00,0.0,0.0
349,damper_position_sensor,2023-11-29 10:10:00+01:00,0.0,0.0
350,damper_position_sensor,2023-11-29 10:20:00+01:00,0.0,0.0
351,damper_position_sensor,2023-11-29 10:30:00+01:00,0.0,0.0
352,damper_position_sensor,2023-11-29 10:40:00+01:00,0.0,0.0
353,damper_position_sensor,2023-11-29 10:50:00+01:00,0.0,0.0
354,damper_position_sensor,2023-11-29 11:00:00+01:00,0.0,0.0
355,damper_position_sensor,2023-11-29 11:10:00+01:00,0.0,0.0
356,damper_position_sensor,2023-11-29 11:20:00+01:00,0.0,0.0
357,damper_position_sensor,2023-11-29 11:30:00+01:00,0.0,0.0
358,damper_position_sensor,2023-11-29 11:40:00+01:00,0.0,0.0
359,damper_position_sensor,2023-11-29 11:50:00+01:00,0.0,0.0
360,damper_position_sensor,2023-11-29 12:00:00+01:00,0.0,0.0
361,damper_position_sensor,2023-11-29 12:10:00+01:00,0.0,0.0
362,damper_position_sensor,2023-11-29 12:20:00+01:00,0.0,0.0
363,damper_position_sensor,2023-11-29 12:30:00+01:00,0.0,0.0
364,damper_position_sensor,2023-11-29 12:40:00+01:00,0.0,0.0
365,damper_position_sensor,2023-11-29 12:50:00+01:00,0.0,0.0
366,damper_position_sensor,2023-11-29 13:00:00+01:00,0.0,0.0
367,damper_position_sensor,2023-11-29 13:10:00+01:00,0.0,0.0
368,damper_position_sensor,2023-11-29 13:20:00+01:00,0.0,0.0
369,damper_position_sensor,2023-11-29 13:30:00+01:00,0.0,0.0
370,damper_position_sensor,2023-11-29 13:40:00+01:00,0.0,0.0
371,damper_position_sensor,2023-11-29 13:50:00+01:00,0.0,0.0
372,damper_position_sensor,2023-11-29 14:00:00+01:00,0.0,0.0
373,damper_position_sensor,2023-11-29 14:10:00+01:00,0.0,0.0
374,damper_position_sensor,2023-11-29 14:20:00+01:00,0.0,0.0
375,damper_position_sensor,2023-11-29 14:30:00+01:00,0.0,0.0
376,damper_position_sensor,2023-11-29 14:40:00+01:00,0.0,0.0
377,damper_position_sensor,2023-11-29 14:50:00+01:00,0.0,0.0
378,damper_position_sensor,2023-11-29 15:00:00+01:00,0.0,0.0
379,damper_position_sensor,2023-11-29 15:10:00+01:00,0.0,0.0
380,damper_position_sensor,2023-11-29 15:20:00+01:00,0.0,0.0
381,damper_position_sensor,2023-11-29 15:30:00+01:00,0.0,0.0
382,damper_position_sensor,2023-11-29 15:40:00+01:00,0.0,0.0
383,damper_position_sensor,2023-11-29 15:50:00+01:00,0.0,0.0
384,damper_position_sensor,2023-11-29 16:00:00+01:00,0.0,0.0
385,damper_position_sensor,2023-11-29 16:10:00+01:00,0.0,0.0
386,damper_position_sensor,2023-11-29 16:20:00+01:00,0.0,0.0
387,damper_position_sensor,2023-11-29 16:30:00+01:00,0.0,0.0
388,damper_position_sensor,2023-11-29 16:40:00+01:00,0.0,0.0
389,damper_position_sensor,2023-11-29 16:50:00+01:00,0.0,0.0
390,damper_position_sensor,2023-11-29 17:00:00+01:00,0.0,0.0
391,damper_position_sensor,2023-11-29 17:10:00+01:00,0.0,0.0
392,damper_position_sensor,2023-11-29 17:20:00+01:00,0.0,0.0
393,damper_position_sensor,2023-11-29 17:30:00+01:00,0.0,0.0
394,damper_position_sensor,2023-11-29 17:40:00+01:00,0.0,0.0
395,damper_position_sensor,2023-11-29 17:50:00+01:00,0.0,0.0
396,damper_position_sensor,2023-11-29 18:00:00+01:00,0.0,0.0
397,damper_position_sensor,2023-11-29 18:10:00+01:00,0.0,0.0
398,damper_position_sensor,2023-11-29 18:20:00+01:00,0.0,0.0
399,damper_position_sensor,2023-11-29 18:30:00+01:00,0.0,0.0
400,damper_position_sensor,2023-11-29 18:40:00+01:00,0.0,0.0
401,damper_position_sensor,2023-11-29 18:50:00+01:00,0.0,0.0
402,damper_position_sensor,2023-11-29 19:00:00+01:00,0.0,0.0
403,damper_position_sensor,2023-11-29 19:10:00+01:00,0.0,0.0
404,damper_position_sensor,2023-11-29 19:20:00+01:00,0.0,0.0
405,damper_position_sensor,2023-11-29 19:30:00+01:00,0.0,0.0
406,damper_position_sensor,2023-11-29 19:40:00+01:00,0.0,0.0
407,damper_position_sensor,2023-11-29 19:50:00+01:00,0.0,0.0
408,damper_position_sensor,2023-11-29 20:00:00+01:00,0.0,0.0
409,damper_position_sensor,2023-11-29 20:10:00+01:00,0.0,0.0
410,damper_position_sensor,2023-11-29 20:20:00+01:00,0.0,0.0
411,damper_position_sensor,2023-11-29 20:30:00+01:00,0.0,0.0
412,damper_position_sensor,2023-11-29 20:40:00+01:00,0.0,0.0
413,damper_position_sensor,2023-11-29 20:50:00+01:00,0.0,0.0
414,damper_position_sensor,2023-11-29 21:00:00+01:00,0.0,0.0
415,damper_position_sensor,2023-11-29 21:10:00+01:00,0.0,0.0
416,damper_position_sensor,2023-11-29 21:20:00+01:00,0.0,0.0
417,damper_position_sensor,2023-11-29 21:30:00+01:00,0.0,0.0
418,damper_position_sensor,2023-11-29 21:40:00+01:00,0.0,0.0
419,damper_position_sensor,2023-11-29 21:50:00+01:00,0.0,0.0
420,damper_position_sensor,2023-11-29 22:00:00+01:00,0.0,0.0
421,damper_position_sensor,2023-11-29 22:10:00+01:00,0.0,0.0
422,damper_position_sensor,2023-11-29 22:20:00+01:00,0.0,0.0
423,damper_position_sensor,2023-11-29 22:30:00+01:00,0.0,0.0
424,damper_position_sensor,2023-11-29 22:40:00+01:00,0.0,0.0
425,damper_position_sensor,2023-11-29 22:50:00+01:00,0.0,0.0
426,damper_position_sensor,2023-11-29 23:00:00+01:00,0.0,0.0
427,damper_position_sensor,2023-11-29 23:10:00+01:00,0.0,0.0
428,damper_position_sensor,2023-11-29 23:20:00+01:00,0.0,0.0
429,damper_position_sensor,2023-11-29 23:30:00+01:00,0.0,0.0
430,damper_position_sensor,2023-11-29 23:40:00+01:00,0.0,0.0
431,damper_position_sensor,2023-11-29 23:50:00+01:00,0.0,0.0
432,damper_position_sensor,2023-11-30 00:00:00+01:00,0.0,0.0
433,damper_position_sensor,2023-11-30 00:10:00+01:00,0.0,0.0
434,damper_position_sensor,2023-11-30 00:20:00+01:00,0.0,0.0
435,damper_position_sensor,2023-11-30 00:30:00+01:00,0.0,0.0
436,damper_position_sensor,2023-11-30 00:40:00+01:00,0.0,0.0
437,damper_position_sensor,2023-11-30 00:50:00+01:00,0.0,0.0
438,damper_position_sensor,2023-11-30 01:00:00+01:00,0.0,0.0
439,damper_position_sensor,2023-11-30 01:10:00+01:00,0.0,0.0
440,damper_position_sensor,2023-11-30 01:20:00+01:00,0.0,0.0
441,damper_position_sensor,2023-11-30 01:30:00+01:00,0.0,0.0
442,damper_position_sensor,2023-11-30 01:40:00+01:00,0.0,0.0
443,damper_position_sensor,2023-11-30 01:50:00+01:00,0.0,0.0
444,damper_position_sensor,2023-11-30 02:00:00+01:00,0.0,0.0
445,damper_position_sensor,2023-11-30 02:10:00+01:00,0.0,0.0
446,damper_position_sensor,2023-11-30 02:20:00+01:00,0.0,0.0
447,damper_position_sensor,2023-11-30 02:30:00+01:00,0.0,0.0
448,damper_position_sensor,2023-11-30 02:40:00+01:00,0.0,0.0
449,damper_position_sensor,2023-11-30 02:50:00+01:00,0.0,0.0
450,damper_position_sensor,2023-11-30 03:00:00+01:00,0.0,0.0
451,damper_position_sensor,2023-11-30 03:10:00+01:00,0.0,0.0
452,damper_position_sensor,2023-11-30 03:20:00+01:00,0.0,0.0
453,damper_position_sensor,2023-11-30 03:30:00+01:00,0.0,0.0
454,damper_position_sensor,2023-11-30 03:40:00+01:00,0.0,0.0
455,damper_position_sensor,2023-11-30 03:50:00+01:00,0.0,0.0
456,damper_position_sensor,2023-11-30 04:00:00+01:00,0.0,0.0
457,damper_position_sensor,2023-11-30 04:10:00+01:00,0.0,0.0
458,damper_position_sensor,2023-11-30 04:20:00+01:00,0.0,0.0
459,damper_position_sensor,2023-11-30 04:30:00+01:00,0.0,0.0
460,damper_position_sensor,2023-11-30 04:40:00+01:00,0.0,0.0
461,damper_position_sensor,2023-11-30 04:50:00+01:00,0.0,0.0
462,damper_position_sensor,2023-11-30 05:00:00+01:00,0.0,0.0
463,damper_position_sensor,2023-11-30 05:10:00+01:00,0.0,0.0
464,damper_position_sensor,2023-11-30 05:20:00+01:00,0.0,0.0
465,damper_position_sensor,2023-11-30 05:30:00+01:00,0.0,0.0
466,damper_position_sensor,2023-11-30 05:40:00+01:00,0.0,0.0
467,damper_position_sensor,2023-11-30 05:50:00+01:00,0.0,0.0
468,damper_position_sensor,2023-11-30 06:00:00+01:00,0.0,0.0
469,damper_position_sensor,2023-11-30 06:10:00+01:00,0.0,0.0
470,damper_position_sensor,2023-11-30 06:20:00+01:00,0.0,0.0
471,damper_position_sensor,2023-11-30 06:30:00+01:00,0.0,0.0
472,damper_position_sensor,2023-11-30 06:40:00+01:00,0.0,0.0
473,damper_position_sensor,2023-11-30 06:50:00+01:00,0.0,0.0
474,damper_position_sensor,2023-11-30 07:00:00+01:00,0.0,0.0
475,damper_position_sensor,2023-11-30 07:10:00+01:00,0.0,0.0
476,damper_position_sensor,2023-11-30 07:20:00+01:00,0.0,0.0
477,damper_position_sensor,2023-11-30 07:30:00+01:00,0.0,0.0
478,damper_position_sensor,2023-11-30 07:40:00+01:00,0.0,0.0
479,damper_position_sensor,2023-11-30 07:50:00+01:00,0.0,0.0
480,damper_position_sensor,2023-11-30 08:00:00+01:00,0.0,0.0
481,damper_position_sensor,2023-11-30 08:10:00+01:00,0.0,0.0
482,damper_position_sensor,2023-11-30 08:20:00+01:00,0.0,0.0
483,damper_position_sensor,2023-11-30 08:30:00+01:00,0.0,0.0
484,damper_position_sensor,2023-11-30 08:40:00+01:00,0.0,0.0
485,damper_position_sensor,2023-11-30 08:50:00+01:00,0.0,0.0
486,damper_position_sensor,2023-11-30 09:00:00+01:00,0.0,0.0
487,damper_position_sensor,2023-11-30 09:10:00+01:00,0.0,0.0
488,damper_position_sensor,2023-11-30 09:20:00+01:00,0.0,0.0
489,damper_position_sensor,2023-11-30 09:30:00+01:00,0.0,0.0
490,damper_position_sensor,2023-11-30 09:40:00+01:00,0.0,0.0
491,damper_position_sensor,2023-11-30 09:50:00+01:00,0.0,0.0
492,damper_position_sensor,2023-11-30 10:00:00+01:00,0.0,0.0
493,damper_position_sensor,2023-11-30 10:10:00+01:00,0.0,0.0
494,damper_position_sensor,2023-11-30 10:20:00+01:00,0.0,0.0
495,damper_position_sensor,2023-11-30 10:30:00+01:00,0.0,0.0
496,damper_position_sensor,2023-11-30 10:40:00+01:00,0.0,0.0
497,damper_position_sensor,2023-11-30 10:50:00+01:00,0.0,0.0
498,damper_position_sensor,2023-11-30 11:00:00+01:00,0.0,0.0
499,damper_position_sensor,2023-11-30 11:10:00+01:00,0.0,0.0
500,damper_position_sensor,2023-11-30 11:20:00+01:00,0.0,0.0
501,damper_position_sensor,2023-11-30 11:30:00+01:00,0.0,0.0
502,damper_position_sensor,2023-11-30 11:40:00+01:00,0.0,0.0
503,damper_position_sensor,2023-11-30 11:50:00+01:00,0.0,0.0
504,damper_position_sensor,2023-11-30 12:00:00+01:00,0.0,0.0
505,damper_position_sensor,2023-11-30 12:10:00+01:00,0.0,0.0
506,damper_position_sensor,2023-11-30 12:20:00+01:00,0.0,0.0
507,damper_position_sensor,2023-11-30 12:30:00+01:00,0.0,0.0
508,damper_position_sensor,2023-11-30 12:40:00+01:00,0.0,0.0
509,damper_position_sensor,2023-11-30 12:50:00+01:00,0.0,0.0
510,damper_position_sensor,2023-11-30 13:00:00+01:00,0.0,0.0
511,damper_position_sensor,2023-11-30 13:10:00+01:00,0.0,0.0
512,damper_position_sensor,2023-11-30 13:20:00+01:00,0.0,0.0
513,damper_position_sensor,2023-11-30 13:30:00+01:00,0.0,0.0
514,damper_position_sensor,2023-11-30 13:40:00+01:00,0.0,0.0
515,damper_position_sensor,2023-11-30 13:50:00+01:00,0.0,0.0
516,damper_position_sensor,2023-11-30 14:00:00+01:00,0.0,0.0
517,damper_position_sensor,2023-11-30 14:10:00+01:00,0.0,0.0
518,damper_position_sensor,2023-11-30 14:20:00+01:00,0.0,0.0
519,damper_position_sensor,2023-11-30 14:30:00+01:00,0.0,0.0
520,damper_position_sensor,2023-11-30 14:40:00+01:00,0.0,0.0
521,damper_position_sensor,2023-11-30 14:50:00+01:00,0.0,0.0
522,damper_position_sensor,2023-11-30 15:00:00+01:00,0.0,0.0
523,damper_position_sensor,2023-11-30 15:10:00+01:00,0.0,0.0
524,damper_position_sensor,2023-11-30 15:20:00+01:00,0.0,0.0
525,damper_position_sensor,2023-11-30 15:30:00+01:00,0.0,0.0
526,damper_position_sensor,2023-11-30 15:40:00+01:00,0.0,0.0
527,damper_position_sensor,2023-11-30 15:50:00+01:00,0.0,0.0
528,damper_position_sensor,2023-11-30 16:00:00+01:00,0.0,0.0
529,damper_position_sensor,2023-11-30 16:10:00+01:00,0.0,0.0
530,damper_position_sensor,2023-11-30 16:20:00+01:00,0.0,0.0
531,damper_position_sensor,2023-11-30 16:30:00+01:00,0.0,0.0
532,damper_position_sensor,2023-11-30 16:40:00+01:00,0.0,0.0
533,damper_position_sensor,2023-11-30 16:50:00+01:00,0.0,0.0
534,damper_position_sensor,2023-11-30 17:00:00+01:00,0.0,0.0
535,damper_position_sensor,2023-11-30 17:10:00+01:00,0.0,0.0
536,damper_position_sensor,2023-11-30 17:20:00+01:00,0.0,0.0
537,damper_position_sensor,2023-11-30 17:30:00+01:00,0.0,0.0
538,damper_position_sensor,2023-11-30 17:40:00+01:00,0.0,0.0
539,damper_position_sensor,2023-11-30 17:50:00+01:00,0.0,0.0
540,damper_position_sensor,2023-11-30 18:00:00+01:00,0.0,0.0
541,damper_position_sensor,2023-11-30 18:10:00+01:00,0.0,0.0
542,damper_position_sensor,2023-11-30 18:20:00+01:00,0.0,0.0
543,damper_position_sensor,2023-11-30 18:30:00+01:00,0.0,0.0
544,damper_position_sensor,2023-11-30 18:40:00+01:00,0.0,0.0
545,damper_position_sensor,2023-11-30 18:50:00+01:00,0.0,0.0
546,damper_position_sensor,2023-11-30 19:00:00+01:00,0.0,0.0
547,damper_position_sensor,2023-11-30 19:10:00+01:00,0.0,0.0
548,damper_position_sensor,2023-11-30 19:20:00+01:00,0.0,0.0
549,damper_position_sensor,2023-11-30 19:30:00+01:00,0.0,0.0
550,damper_position_sensor,2023-11-30 19:40:00+01:00,0.0,0.0
551,damper_position_sensor,2023-11-30 19:50:00+01:00,0.0,0.0
552,damper_position_sensor,2023-11-30 20:00:00+01:00,0.0,0.0
553,damper_position_sensor,2023-11-30 20:10:00+01:00,0.0,0.0
554,damper_position_sensor,2023-11-30 20:20:00+01:00,0.0,0.0
555,damper_position_sensor,2023-11-30 20:30:00+01:00,0.0,0.0
556,damper_position_sensor,2023-11-30 20:40:00+01:00,0.0,0.0
557,damper_position_sensor,2023-11-30 20:50:00+01:00,0.0,0.0
558,damper_position_sensor,2023-11-30 21:00:00+01:00,0.0,0.0
559,damper_position_sensor,2023-11-30 21:10:00+01:00,0.0,0.0
560,damper_position_sensor,2023-11-30 21:20:00+01:00,0.0,0.0
561,damper_position_sensor,2023-11-30 21:30:00+01:00,0.0,0.0
562,damper_position_sensor,2023-11-30 21:40:00+01:00,0.0,0.0
563,damper_position_sensor,2023-11-30 21:50:00+01:00,0.0,0.0
564,damper_position_sensor,2023-11-30 22:00:00+01:00,0.0,0.0
565,damper_position_sensor,2023-11-30 22:10:00+01:00,0.0,0.0
566,damper_position_sensor,2023-11-30 22:20:00+01:00,0.0,0.0
567,damper_position_sensor,2023-11-30 22:30:00+01:00,0.0,0.0
568,damper_position_sensor,2023-11-30 22:40:00+01:00,0.0,0.0
569,damper_position_sensor,2023-11-30 22:50:00+01:00,0.0,0.0
570,damper_position_sensor,2023-11-30 23:00:00+01:00,0.0,0.0
571,damper_position_sensor,2023-11-30 23:10:00+01:00,0.0,0.0
572,damper_position_sensor,2023-11-30 23:20:00+01:00,0.0,0.0
573,damper_position_sensor,2023-11-30 23:30:00+01:00,0.0,0.0
574,damper_position_sensor,2023-11-30 23:40:00+01:00,0.0,0.0
575,damper_position_sensor,2023-11-30 23:50:00+01:00,0.0,0.0
576,damper_position_sensor,2023-12-01 00:00:00+01:00,0.0,0.0
577,damper_position_sensor,2023-12-01 00:10:00+01:00,0.0,0.0
578,damper_position_sensor,2023-12-01 00:20:00+01:00,0.0,0.0
579,damper_position_sensor,2023-12-01 00:30:00+01:00,0.0,0.0
580,damper_position_sensor,2023-12-01 00:40:00+01:00,0.0,0.0
581,damper_position_sensor,2023-12-01 00:50:00+01:00,0.0,0.0
582,damper_position_sensor,2023-12-01 01:00:00+01:00,0.0,0.0
583,damper_position_sensor,2023-12-01 01:10:00+01:00,0.0,0.0
584,damper_position_sensor,2023-12-01 01:20:00+01:00,0.0,0.0
585,damper_position_sensor,2023-12-01 01:30:00+01:00,0.0,0.0
586,damper_position_sensor,2023-12-01 01:40:00+01:00,0.0,0.0
587,damper_position_sensor,2023-12-01 01:50:00+01:00,0.0,0.0
588,damper_position_sensor,2023-12-01 02:00:00+01:00,0.0,0.0
589,damper_position_sensor,2023-12-01 02:10:00+01:00,0.0,0.0
590,damper_position_sensor,2023-12-01 02:20:00+01:00,0.0,0.0
591,damper_position_sensor,2023-12-01 02:30:00+01:00,0.0,0.0
592,damper_position_sensor,2023-12-01 02:40:00+01:00,0.0,0.0
593,damper_position_sensor,2023-12-01 02:50:00+01:00,0.0,0.0
594,damper_position_sensor,2023-12-01 03:00:00+01:00,0.0,0.0
595,damper_position_sensor,2023-12-01 03:10:00+01:00,0.0,0.0
596,damper_position_sensor,2023-12-01 03:20:00+01:00,0.0,0.0
597,damper_position_sensor,2023-12-01 03:30:00+01:00,0.0,0.0
598,damper_position_sensor,2023-12-01 03:40:00+01:00,0.0,0.0
599,damper_position_sensor,2023-12-01 03:50:00+01:00,0.0,0.0
600,damper_position_sensor,2023-12-01 04:00:00+01:00,0.0,0.0
601,damper_position_sensor,2023-12-01 04:10:00+01:00,0.0,0.0
602,damper_position_sensor,2023-12-01 04:20:00+01:00,0.0,0.0
603,damper_position_sensor,2023-12-01 04:30:00+01:00,0.0,0.0
604,damper_position_sensor,2023-12-01 04:40:00+01:00,0.0,0.0
605,damper_position_sensor,2023-12-01 04:50:00+01:00,0.0,0.0
606,damper_position_sensor,2023-12-01 05:00:00+01:00,0.0,0.0
607,damper_position_sensor,2023-12-01 05:10:00+01:00,0.0,0.0
608,damper_position_sensor,2023-12-01 05:20:00+01:00,0.0,0.0
609,damper_position_sensor,2023-12-01 05:30:00+01:00,0.0,0.0
610,damper_position_sensor,2023-12-01 05:40:00+01:00,0.0,0.0
611,damper_position_sensor,2023-12-01 05:50:00+01:00,0.0,0.0
612,damper_position_sensor,2023-12-01 06:00:00+01:00,0.0,0.0
613,damper_position_sensor,2023-12-01 06:10:00+01:00,0.0,0.0
614,damper_position_sensor,2023-12-01 06:20:00+01:00,0.0,0.0
615,damper_position_sensor,2023-12-01 06:30:00+01:00,0.0,0.0
616,damper_position_sensor,2023-12-01 06:40:00+01:00,0.0,0.0
617,damper_position_sensor,2023-12-01 06:50:00+01:00,0.0,0.0
618,damper_position_sensor,2023-12-01 07:00:00+01:00,0.0,0.0
619,damper_position_sensor,2023-12-01 07:10:00+01:00,0.0,0.0
620,damper_position_sensor,2023-12-01 07:20:00+01:00,0.0,0.0
621,damper_position_sensor,2023-12-01 07:30:00+01:00,0.0,0.0
622,damper_position_sensor,2023-12-01 07:40:00+01:00,0.0,0.0
623,damper_position_sensor,2023-12-01 07:50:00+01:00,0.0,0.0
624,damper_position_sensor,2023-12-01 08:00:00+01:00,0.0,0.0
625,damper_position_sensor,2023-12-01 08:10:00+01:00,0.0,0.0
626,damper_position_sensor,2023-12-01 08:20:00+01:00,0.0,0.0
627,damper_position_sensor,2023-12-01 08:30:00+01:00,0.0,0.0
628,damper_position_sensor,2023-12-01 08:40:00+01:00,0.0,0.0
629,damper_position_sensor,2023-12-01 08:50:00+01:00,0.0,0.0
630,damper_position_sensor,2023-12-01 09:00:00+01:00,0.0,0.0
631,damper_position_sensor,2023-12-01 09:10:00+01:00,0.0,0.0
632,damper_position_sensor,2023-12-01 09:20:00+01:00,0.0,0.0
633,damper_position_sensor,2023-12-01 09:30:00+01:00,0.0,0.0
634,damper_position_sensor,2023-12-01 09:40:00+01:00,0.0,0.0
635,damper_position_sensor,2023-12-01 09:50:00+01:00,0.0,0.0
636,damper_position_sensor,2023-12-01 10:00:00+01:00,0.0,0.0
637,damper_position_sensor,2023-12-01 10:10:00+01:00,0.0,0.0
638,damper_position_sensor,2023-12-01 10:20:00+01:00,0.0,0.0
639,damper_position_sensor,2023-12-01 10:30:00+01:00,0.0,0.0
640,damper_position_sensor,2023-12-01 10:40:00+01:00,0.0,0.0
641,damper_position_sensor,2023-12-01 10:50:00+01:00,0.0,0.0
642,damper_position_sensor,2023-12-01 11:00:00+01:00,0.0,0.0
643,damper_position_sensor,2023-12-01 11:10:00+01:00,0.0,0.0
644,damper_position_sensor,2023-12-01 11:20:00+01:00,0.0,0.0
645,damper_position_sensor,2023-12-01 11:30:00+01:00,0.0,0.0
646,damper_position_sensor,2023-12-01 11:40:00+01:00,0.0,0.0
647,damper_position_sensor,2023-12-01 11:50:00+01:00,0.0,0.0
648,damper_position_sensor,2023-12-01 12:00:00+01:00,0.0,0.0
649,damper_position_sensor,2023-12-01 12:10:00+01:00,0.0,0.0
650,damper_position_sensor,2023-12-01 12:20:00+01:00,0.0,0.0
651,damper_position_sensor,2023-12-01 12:30:00+01:00,0.0,0.0
652,damper_position_sensor,2023-12-01 12:40:00+01:00,0.0,0.0
653,damper_position_sensor,2023-12-01 12:50:00+01:00,0.0,0.0
654,damper_position_sensor,2023-12-01 13:00:00+01:00,0.0,0.0
655,damper_position_sensor,2023-12-01 13:10:00+01:00,0.0,0.0
656,damper_position_sensor,2023-12-01 13:20:00+01:00,0.0,0.0
657,damper_position_sensor,2023-12-01 13:30:00+01:00,0.0,0.0
658,damper_position_sensor,2023-12-01 13:40:00+01:00,0.0,0.0
659,damper_position_sensor,2023-12-01 13:50:00+01:00,0.0,0.0
660,damper_position_sensor,2023-12-01 14:00:00+01:00,0.0,0.0
661,damper_position_sensor,2023-12-01 14:10:00+01:00,0.0,0.0
662,damper_position_sensor,2023-12-01 14:20:00+01:00,0.0,0.0
663,damper_position_sensor,2023-12-01 14:30:00+01:00,0.0,0.0
664,damper_position_sensor,2023-12-01 14:40:00+01:00,0.0,0.0
665,damper_position_sensor,2023-12-01 14:50:00+01:00,0.0,0.0
666,damper_position_sensor,2023-12-01 15:00:00+01:00,0.0,0.0
667,damper_position_sensor,2023-12-01 15:10:00+01:00,0.0,0.0
668,damper_position_sensor,2023-12-01 15:20:00+01:00,0.0,0.0
669,damper_position_sensor,2023-12-01 15:30:00+01:00,0.0,0.0
670,damper_position_sensor,2023-12-01 15:40:00+01:00,0.0,0.0
671,damper_position_sensor,2023-12-01 15:50:00+01:00,0.0,0.0
672,damper_position_sensor,2023-12-01 16:00:00+01:00,0.0,0.0
673,damper_position_sensor,2023-12-01 16:10:00+01:00,0.0,0.0
674,damper_position_sensor,2023-12-01 16:20:00+01:00,0.0,0.0
675,damper_position_sensor,2023-12-01 16:30:00+01:00,0.0,0.0
676,damper_position_sensor,2023-12-01 16:40:00+01:00,0.0,0.0
677,damper_position_sensor,2023-12-01 16:50:00+01:00,0.0,0.0
678,damper_position_sensor,2023-12-01 17:00:00+01:00,0.0,0.0
679,damper_position_sensor,2023-12-01 17:10:00+01:00,0.0,0.0
680,damper_position_sensor,2023-12-01 17:20:00+01:00,0.0,0.0
681,damper_position_sensor,2023-12-01 17:30:00+01:00,0.0,0.0
682,damper_position_sensor,2023-12-01 17:40:00+01:00,0.0,0.0
683,damper_position_sensor,2023-12-01 17:50:00+01:00,0.0,0.0
684,damper_position_sensor,2023-12-01 18:00:00+01:00,0.0,0.0
685,damper_position_sensor,2023-12-01 18:10:00+01:00,0.0,0.0
686,damper_position_sensor,2023-12-01 18:20:00+01:00,0.0,0.0
687,damper_position_sensor,2023-12-01 18:30:00+01:00,0.0,0.0
688,damper_position_sensor,2023-12-01 18:40:00+01:00,0.0,0.0
689,damper_position_sensor,2023-12-01 18:50:00+01:00,0.0,0.0
690,damper_position_sensor,2023-12-01 19:00:00+01:00,0.0,0.0
691,damper_position_sensor,2023-12-01 19:10:00+01:00,0.0,0.0
692,damper_position_sensor,2023-12-01 19:20:00+01:00,0.0,0.0
693,damper_position_sensor,2023-12-01 19:30:00+01:00,0.0,0.0
694,damper_position_sensor,2023-12-01 19:40:00+01:00,0.0,0.0
695,damper_position_sensor,2023-12-01 19:50:00+01:00,0.0,0.0
696,damper_position_sensor,2023-12-01 20:00:00+01:00,0.0,0.0
697,damper_position_sensor,2023-12-01 20:10:00+01:00,0.0,0.0
698,damper_position_sensor,2023-12-01 20:20:00+01:00,0.0,0.0
699,damper_position_sensor,2023-12-01 20:30:00+01:00,0.0,0.0
700,damper_position_sensor,2023-12-01 20:40:00+01:00,0.0,0.0
701,damper_position_sensor,2023-12-01 20:50:00+01:00,0.0,0.0
702,damper_position_sensor,2023-12-01 21:00:00+01:00,0.0,0.0
703,damper_position_sensor,2023-12-01 21:10:00+01:00,0.0,0.0
704,damper_position_sensor,2023-12-01 21:20:00+01:00,0.0,0.0
705,damper_position_sensor,2023-12-01 21:30:00+01:00,0.0,0.0
706,damper_position_sensor,2023-12-01 21:40:00+01:00,0.0,0.0
707,damper_position_sensor,2023-12-01 21:50:00+01:00,0.0,0.0
708,damper_position_sensor,2023-12-01 22:00:00+01:00,0.0,0.0
709,damper_position_sensor,2023-12-01 22:10:00+01:00,0.0,0.0
710,damper_position_sensor,2023-12-01 22:20:00+01:00,0.0,0.0
711,damper_position_sensor,2023-12-01 22:30:00+01:00,0.0,0.0
712,damper_position_sensor,2023-12-01 22:40:00+01:00,0.0,0.0
713,damper_position_sensor,2023-12-01 22:50:00+01:00,0.0,0.0
714,damper_position_sensor,2023-12-01 23:00:00+01:00,0.0,0.0
715,damper_position_sensor,2023-12-01 23:10:00+01:00,0.0,0.0
716,damper_position_sensor,2023-12-01 23:20:00+01:00,0.0,0.0
717,damper_position_sensor,2023-12-01 23:30:00+01:00,0.0,0.0
718,damper_position_sensor,2023-12-01 23:40:00+01:00,0.0,0.0
719,damper_position_sensor,2023-12-01 23:50:00+01:00,0.0,0.0
720,damper_position_sensor,2023-12-02 00:00:00+01:00,0.0,0.0
721,damper_position_sensor,2023-12-02 00:10:00+01:00,0.0,0.0
722,damper_position_sensor,2023-12-02 00:20:00+01:00,0.0,0.0
723,damper_position_sensor,2023-12-02 00:30:00+01:00,0.0,0.0
724,damper_position_sensor,2023-12-02 00:40:00+01:00,0.0,0.0
725,damper_position_sensor,2023-12-02 00:50:00+01:00,0.0,0.0
726,damper_position_sensor,2023-12-02 01:00:00+01:00,0.0,0.0
727,damper_position_sensor,2023-12-02 01:10:00+01:00,0.0,0.0
728,damper_position_sensor,2023-12-02 01:20:00+01:00,0.0,0.0
729,damper_position_sensor,2023-12-02 01:30:00+01:00,0.0,0.0
730,damper_position_sensor,2023-12-02 01:40:00+01:00,0.0,0.0
731,damper_position_sensor,2023-12-02 01:50:00+01:00,0.0,0.0
732,damper_position_sensor,2023-12-02 02:00:00+01:00,0.0,0.0
733,damper_position_sensor,2023-12-02 02:10:00+01:00,0.0,0.0
734,damper_position_sensor,2023-12-02 02:20:00+01:00,0.0,0.0
735,damper_position_sensor,2023-12-02 02:30:00+01:00,0.0,0.0
736,damper_position_sensor,2023-12-02 02:40:00+01:00,0.0,0.0
737,damper_position_sensor,2023-12-02 02:50:00+01:00,0.0,0.0
738,damper_position_sensor,2023-12-02 03:00:00+01:00,0.0,0.0
739,damper_position_sensor,2023-12-02 03:10:00+01:00,0.0,0.0
740,damper_position_sensor,2023-12-02 03:20:00+01:00,0.0,0.0
741,damper_position_sensor,2023-12-02 03:30:00+01:00,0.0,0.0
742,damper_position_sensor,2023-12-02 03:40:00+01:00,0.0,0.0
743,damper_position_sensor,2023-12-02 03:50:00+01:00,0.0,0.0
744,damper_position_sensor,2023-12-02 04:00:00+01:00,0.0,0.0
745,damper_position_sensor,2023-12-02 04:10:00+01:00,0.0,0.0
746,damper_position_sensor,2023-12-02 04:20:00+01:00,0.0,0.0
747,damper_position_sensor,2023-12-02 04:30:00+01:00,0.0,0.0
748,damper_position_sensor,2023-12-02 04:40:00+01:00,0.0,0.0
749,damper_position_sensor,2023-12-02 04:50:00+01:00,0.0,0.0
750,damper_position_sensor,2023-12-02 05:00:00+01:00,0.0,0.0
751,damper_position_sensor,2023-12-02 05:10:00+01:00,0.0,0.0
752,damper_position_sensor,2023-12-02 05:20:00+01:00,0.0,0.0
753,damper_position_sensor,2023-12-02 05:30:00+01:00,0.0,0.0
754,damper_position_sensor,2023-12-02 05:40:00+01:00,0.0,0.0
755,damper_position_sensor,2023-12-02 05:50:00+01:00,0.0,0.0
756,damper_position_sensor,2023-12-02 06:00:00+01:00,0.0,0.0
757,damper_position_sensor,2023-12-02 06:10:00+01:00,0.0,0.0
758,damper_position_sensor,2023-12-02 06:20:00+01:00,0.0,0.0
759,damper_position_sensor,2023-12-02 06:30:00+01:00,0.0,0.0
760,damper_position_sensor,2023-12-02 06:40:00+01:00,0.0,0.0
761,damper_position_sensor,2023-12-02 06:50:00+01:00,0.0,0.0
762,damper_position_sensor,2023-12-02 07:00:00+01:00,0.0,0.0
763,damper_position_sensor,2023-12-02 07:10:00+01:00,0.0,0.0
764,damper_position_sensor,2023-12-02 07:20:00+01:00,0.0,0.0
765,damper_position_sensor,2023-12-02 07:30:00+01:00,0.0,0.0
766,damper_position_sensor,2023-12-02 07:40:00+01:00,0.0,0.0
767,damper_position_sensor,2023-12-02 07:50:00+01:00,0.0,0.0
768,damper_position_sensor,2023-12-02 08:00:00+01:00,0.0,0.0
769,damper_position_sensor,2023-12-02 08:10:00+01:00,0.0,0.0
770,damper_position_sensor,2023-12-02 08:20:00+01:00,0.0,0.0
771,damper_position_sensor,2023-12-02 08:30:00+01:00,0.0,0.0
772,damper_position_sensor,2023-12-02 08:40:00+01:00,0.0,0.0
773,damper_position_sensor,2023-12-02 08:50:00+01:00,0.0,0.0
774,damper_position_sensor,2023-12-02 09:00:00+01:00,0.0,0.0
775,damper_position_sensor,2023-12-02 09:10:00+01:00,0.0,0.0
776,damper_position_sensor,2023-12-02 09:20:00+01:00,0.0,0.0
777,damper_position_sensor,2023-12-02 09:30:00+01:00,0.0,0.0
778,damper_position_sensor,2023-12-02 09:40:00+01:00,0.0,0.0
779,damper_position_sensor,2023-12-02 09:50:00+01:00,0.0,0.0
780,damper_position_sensor,2023-12-02 10:00:00+01:00,0.0,0.0
781,damper_position_sensor,2023-12-02 10:10:00+01:00,0.0,0.0
782,damper_position_sensor,2023-12-02 10:20:00+01:00,0.0,0.0
783,damper_position_sensor,2023-12-02 10:30:00+01:00,0.0,0.0
784,damper_position_sensor,2023-12-02 10:40:00+01:00,0.0,0.0
785,damper_position_sensor,2023-12-02 10:50:00+01:00,0.0,0.0
786,damper_position_sensor,2023-12-02 11:00:00+01:00,0.0,0.0
787,damper_position_sensor,2023-12-02 11:10:00+01:00,0.0,0.0
788,damper_position_sensor,2023-12-02 11:20:00+01:00,0.0,0.0
789,damper_position_sensor,2023-12-02 11:30:00+01:00,0.0,0.0
790,damper_position_sensor,2023-12-02 11:40:00+01:00,0.0,0.0
791,damper_position_sensor,2023-12-02 11:50:00+01:00,0.0,0.0
792,damper_position_sensor,2023-12-02 12:00:00+01:00,0.0,0.0
793,damper_position_sensor,2023-12-02 12:10:00+01:00,0.0,0.0
794,damper_position_sensor,2023-12-02 12:20:00+01:00,0.0,0.0
795,damper_position_sensor,2023-12-02 12:30:00+01:00,0.0,0.0
796,damper_position_sensor,2023-12-02 12:40:00+01:00,0.0,0.0
797,damper_position_sensor,2023-12-02 12:50:00+01:00,0.0,0.0
798,damper_position_sensor,2023-12-02 13:00:00+01:00,0.0,0.0
799,damper_position_sensor,2023-12-02 13:10:00+01:00,0.0,0.0
800,damper_position_sensor,2023-12-02 13:20:00+01:00,0.0,0.0
801,damper_position_sensor,2023-12-02 13:30:00+01:00,0.0,0.0
802,damper_position_sensor,2023-12-02 13:40:00+01:00,0.0,0.0
803,damper_position_sensor,2023-12-02 13:50:00+01:00,0.0,0.0
804,damper_position_sensor,2023-12-02 14:00:00+01:00,0.0,0.0
805,damper_position_sensor,2023-12-02 14:10:00+01:00,0.0,0.0
806,damper_position_sensor,2023-12-02 14:20:00+01:00,0.0,0.0
807,damper_position_sensor,2023-12-02 14:30:00+01:00,0.0,0.0
808,damper_position_sensor,2023-12-02 14:40:00+01:00,0.0,0.0
809,damper_position_sensor,2023-12-02 14:50:00+01:00,0.0,0.0
810,damper_position_sensor,2023-12-02 15:00:00+01:00,0.0,0.0
811,damper_position_sensor,2023-12-02 15:10:00+01:00,0.0,0.0
812,damper_position_sensor,2023-12-02 15:20:00+01:00,0.0,0.0
813,damper_position_sensor,2023-12-02 15:30:00+01:00,0.0,0.0
814,damper_position_sensor,2023-12-02 15:40:00+01:00,0.0,0.0
815,damper_position_sensor,2023-12-02 15:50:00+01:00,0.0,0.0
816,damper_position_sensor,2023-12-02 16:00:00+01:00,0.0,0.0
817,damper_position_sensor,2023-12-02 16:10:00+01:00,0.0,0.0
818,damper_position_sensor,2023-12-02 16:20:00+01:00,0.0,0.0
819,damper_position_sensor,2023-12-02 16:30:00+01:00,0.0,0.0
820,damper_position_sensor,2023-12-02 16:40:00+01:00,0.0,0.0
821,damper_position_sensor,2023-12-02 16:50:00+01:00,0.0,0.0
822,damper_position_sensor,2023-12-02 17:00:00+01:00,0.0,0.0
823,damper_position_sensor,2023-12-02 17:10:00+01:00,0.0,0.0
824,damper_position_sensor,2023-12-02 17:20:00+01:00,0.0,0.0
825,damper_position_sensor,2023-12-02 17:30:00+01:00,0.0,0.0
826,damper_position_sensor,2023-12-02 17:40:00+01:00,0.0,0.0
827,damper_position_sensor,2023-12-02 17:50:00+01:00,0.0,0.0
828,damper_position_sensor,2023-12-02 18:00:00+01:00,0.0,0.0
829,damper_position_sensor,2023-12-02 18:10:00+01:00,0.0,0.0
830,damper_position_sensor,2023-12-02 18:20:00+01:00,0.0,0.0
831,damper_position_sensor,2023-12-02 18:30:00+01:00,0.0,0.0
832,damper_position_sensor,2023-12-02 18:40:00+01:00,0.0,0.0
833,damper_position_sensor,2023-12-02 18:50:00+01:00,0.0,0.0
834,damper_position_sensor,2023-12-02 19:00:00+01:00,0.0,0.0
835,damper_position_sensor,2023-12-02 19:10:00+01:00,0.0,0.0
836,damper_position_sensor,2023-12-02 19:20:00+01:00,0.0,0.0
837,damper_position_sensor,2023-12-02 19:30:00+01:00,0.0,0.0
838,damper_position_sensor,2023-12-02 19:40:00+01:00,0.0,0.0
839,damper_position_sensor,2023-12-02 19:50:00+01:00,0.0,0.0
840,damper_position_sensor,2023-12-02 20:00:00+01:00,0.0,0.0
841,damper_position_sensor,2023-12-02 20:10:00+01:00,0.0,0.0
842,damper_position_sensor,2023-12-02 20:20:00+01:00,0.0,0.0
843,damper_position_sensor,2023-12-02 20:30:00+01:00,0.0,0.0
844,damper_position_sensor,2023-12-02 20:40:00+01:00,0.0,0.0
845,damper_position_sensor,2023-12-02 20:50:00+01:00,0.0,0.0
846,damper_position_sensor,2023-12-02 21:00:00+01:00,0.0,0.0
847,damper_position_sensor,2023-12-02 21:10:00+01:00,0.0,0.0
848,damper_position_sensor,2023-12-02 21:20:00+01:00,0.0,0.0
849,damper_position_sensor,2023-12-02 21:30:00+01:00,0.0,0.0
850,damper_position_sensor,2023-12-02 21:40:00+01:00,0.0,0.0
851,damper_position_sensor,2023-12-02 21:50:00+01:00,0.0,0.0
852,damper_position_sensor,2023-12-02 22:00:00+01:00,0.0,0.0
853,damper_position_sensor,2023-12-02 22:10:00+01:00,0.0,0.0
854,damper_position_sensor,2023-12-02 22:20:00+01:00,0.0,0.0
855,damper_position_sensor,2023-12-02 22:30:00+01:00,0.0,0.0
856,damper_position_sensor,2023-12-02 22:40:00+01:00,0.0,0.0
857,damper_position_sensor,2023-12-02 22:50:00+01:00,0.0,0.0
858,damper_position_sensor,2023-12-02 23:00:00+01:00,0.0,0.0
859,damper_position_sensor,2023-12-02 23:10:00+01:00,0.0,0.0
860,damper_position_sensor,2023-12-02 23:20:00+01:00,0.0,0.0
861,damper_position_sensor,2023-12-02 23:30:00+01:00,0.0,0.0
862,damper_position_sensor,2023-12-02 23:40:00+01:00,0.0,0.0
863,damper_position_sensor,2023-12-02 23:50:00+01:00,0.0,0.0
864,damper_position_sensor,2023-12-03 00:00:00+01:00,0.0,0.0
865,damper_position_sensor,2023-12-03 00:10:00+01:00,0.0,0.0
866,damper_position_sensor,2023-12-03 00:20:00+01:00,0.0,0.0
867,damper_position_sensor,2023-12-03 00:30:00+01:00,0.0,0.0
868,damper_position_sensor,2023-12-03 00:40:00+01:00,0.0,0.0
869,damper_position_sensor,2023-12-03 00:50:00+01:00,0.0,0.0
870,damper_position_sensor,2023-12-03 01:00:00+01:00,0.0,0.0
871,damper_position_sensor,2023-12-03 01:10:00+01:00,0.0,0.0
872,damper_position_sensor,2023-12-03 01:20:00+01:00,0.0,0.0
873,damper_position_sensor,2023-12-03 01:30:00+01:00,0.0,0.0
874,damper_position_sensor,2023-12-03 01:40:00+01:00,0.0,0.0
875,damper_position_sensor,2023-12-03 01:50:00+01:00,0.0,0.0
876,damper_position_sensor,2023-12-03 02:00:00+01:00,0.0,0.0
877,damper_position_sensor,2023-12-03 02:10:00+01:00,0.0,0.0
878,damper_position_sensor,2023-12-03 02:20:00+01:00,0.0,0.0
879,damper_position_sensor,2023-12-03 02:30:00+01:00,0.0,0.0
880,damper_position_sensor,2023-12-03 02:40:00+01:00,0.0,0.0
881,damper_position_sensor,2023-12-03 02:50:00+01:00,0.0,0.0
882,damper_position_sensor,2023-12-03 03:00:00+01:00,0.0,0.0
883,damper_position_sensor,2023-12-03 03:10:00+01:00,0.0,0.0
884,damper_position_sensor,2023-12-03 03:20:00+01:00,0.0,0.0
885,damper_position_sensor,2023-12-03 03:30:00+01:00,0.0,0.0
886,damper_position_sensor,2023-12-03 03:40:00+01:00,0.0,0.0
887,damper_position_sensor,2023-12-03 03:50:00+01:00,0.0,0.0
888,damper_position_sensor,2023-12-03 04:00:00+01:00,0.0,0.0
889,damper_position_sensor,2023-12-03 04:10:00+01:00,0.0,0.0
890,damper_position_sensor,2023-12-03 04:20:00+01:00,0.0,0.0
891,damper_position_sensor,2023-12-03 04:30:00+01:00,0.0,0.0
892,damper_position_sensor,2023-12-03 04:40:00+01:00,0.0,0.0
893,damper_position_sensor,2023-12-03 04:50:00+01:00,0.0,0.0
894,damper_position_sensor,2023-12-03 05:00:00+01:00,0.0,0.0
895,damper_position_sensor,2023-12-03 05:10:00+01:00,0.0,0.0
896,damper_position_sensor,2023-12-03 05:20:00+01:00,0.0,0.0
897,damper_position_sensor,2023-12-03 05:30:00+01:00,0.0,0.0
898,damper_position_sensor,2023-12-03 05:40:00+01:00,0.0,0.0
899,damper_position_sensor,2023-12-03 05:50:00+01:00,0.0,0.0
900,damper_position_sensor,2023-12-03 06:00:00+01:00,0.0,0.0
901,damper_position_sensor,2023-12-03 06:10:00+01:00,0.0,0.0
902,damper_position_sensor,2023-12-03 06:20:00+01:00,0.0,0.0
903,damper_position_sensor,2023-12-03 06:30:00+01:00,0.0,0.0
904,damper_position_sensor,2023-12-03 06:40:00+01:00,0.0,0.0
905,damper_position_sensor,2023-12-03 06:50:00+01:00,0.0,0.0
906,damper_position_sensor,2023-12-03 07:00:00+01:00,0.0,0.0
907,damper_position_sensor,2023-12-03 07:10:00+01:00,0.0,0.0
908,damper_position_sensor,2023-12-03 07:20:00+01:00,0.0,0.0
909,damper_position_sensor,2023-12-03 07:30:00+01:00,0.0,0.0
910,damper_position_sensor,2023-12-03 07:40:00+01:00,0.0,0.0
911,damper_position_sensor,2023-12-03 07:50:00+01:00,0.0,0.0
912,damper_position_sensor,2023-12-03 08:00:00+01:00,0.0,0.0
913,damper_position_sensor,2023-12-03 08:10:00+01:00,0.0,0.0
914,damper_position_sensor,2023-12-03 08:20:00+01:00,0.0,0.0
915,damper_position_sensor,2023-12-03 08:30:00+01:00,0.0,0.0
916,damper_position_sensor,2023-12-03 08:40:00+01:00,0.0,0.0
917,damper_position_sensor,2023-12-03 08:50:00+01:00,0.0,0.0
918,damper_position_sensor,2023-12-03 09:00:00+01:00,0.0,0.0
919,damper_position_sensor,2023-12-03 09:10:00+01:00,0.0,0.0
920,damper_position_sensor,2023-12-03 09:20:00+01:00,0.0,0.0
921,damper_position_sensor,2023-12-03 09:30:00+01:00,0.0,0.0
922,damper_position_sensor,2023-12-03 09:40:00+01:00,0.0,0.0
923,damper_position_sensor,2023-12-03 09:50:00+01:00,0.0,0.0
924,damper_position_sensor,2023-12-03 10:00:00+01:00,0.0,0.0
925,damper_position_sensor,2023-12-03 10:10:00+01:00,0.0,0.0
926,damper_position_sensor,2023-12-03 10:20:00+01:00,0.0,0.0
927,damper_position_sensor,2023-12-03 10:30:00+01:00,0.0,0.0
928,damper_position_sensor,2023-12-03 10:40:00+01:00,0.0,0.0
929,damper_position_sensor,2023-12-03 10:50:00+01:00,0.0,0.0
930,damper_position_sensor,2023-12-03 11:00:00+01:00,0.0,0.0
931,damper_position_sensor,2023-12-03 11:10:00+01:00,0.0,0.0
932,damper_position_sensor,2023-12-03 11:20:00+01:00,0.0,0.0
933,damper_position_sensor,2023-12-03 11:30:00+01:00,0.0,0.0
934,damper_position_sensor,2023-12-03 11:40:00+01:00,0.0,0.0
935,damper_position_sensor,2023-12-03 11:50:00+01:00,0.0,0.0
936,damper_position_sensor,2023-12-03 12:00:00+01:00,0.0,0.0
937,damper_position_sensor,2023-12-03 12:10:00+01:00,0.0,0.0
938,damper_position_sensor,2023-12-03 12:20:00+01:00,0.0,0.0
939,damper_position_sensor,2023-12-03 12:30:00+01:00,0.0,0.0
940,damper_position_sensor,2023-12-03 12:40:00+01:00,0.0,0.0
941,damper_position_sensor,2023-12-03 12:50:00+01:00,0.0,0.0
942,damper_position_sensor,2023-12-03 13:00:00+01:00,0.0,0.0
943,damper_position_sensor,2023-12-03 13:10:00+01:00,0.0,0.0
944,damper_position_sensor,2023-12-03 13:20:00+01:00,0.0,0.0
945,damper_position_sensor,2023-12-03 13:30:00+01:00,0.0,0.0
946,damper_position_sensor,2023-12-03 13:40:00+01:00,0.0,0.0
947,damper_position_sensor,2023-12-03 13:50:00+01:00,0.0,0.0
948,damper_position_sensor,2023-12-03 14:00:00+01:00,0.0,0.0
949,damper_position_sensor,2023-12-03 14:10:00+01:00,0.0,0.0
950,damper_position_sensor,2023-12-03 14:20:00+01:00,0.0,0.0
951,damper_position_sensor,2023-12-03 14:30:00+01:00,0.0,0.0
952,damper_position_sensor,2023-12-03 14:40:00+01:00,0.0,0.0
953,damper_position_sensor,2023-12-03 14:50:00+01:00,0.0,0.0
954,damper_position_sensor,2023-12-03 15:00:00+01:00,0.0,0.0
955,damper_position_sensor,2023-12-03 15:10:00+01:00,0.0,0.0
956,damper_position_sensor,2023-12-03 15:20:00+01:00,0.0,0.0
957,damper_position_sensor,2023-12-03 15:30:00+01:00,0.0,0.0
958,damper_position_sensor,2023-12-03 15:40:00+01:00,0.0,0.0
959,damper_position_sensor,2023-12-03 15:50:00+01:00,0.0,0.0
960,damper_position_sensor,2023-12-03 16:00:00+01:00,0.0,0.0
961,damper_position_sensor,2023-12-03 16:10:00+01:00,0.0,0.0
962,damper_position_sensor,2023-12-03 16:20:00+01:00,0.0,0.0
963,damper_position_sensor,2023-12-03 16:30:00+01:00,0.0,0.0
964,damper_position_sensor,2023-12-03 16:40:00+01:00,0.0,0.0
965,damper_position_sensor,2023-12-03 16:50:00+01:00,0.0,0.0
966,damper_position_sensor,2023-12-03 17:00:00+01:00,0.0,0.0
967,damper_position_sensor,2023-12-03 17:10:00+01:00,0.0,0.0
968,damper_position_sensor,2023-12-03 17:20:00+01:00,0.0,0.0
969,damper_position_sensor,2023-12-03 17:30:00+01:00,0.0,0.0
970,damper_position_sensor,2023-12-03 17:40:00+01:00,0.0,0.0
971,damper_position_sensor,2023-12-03 17:50:00+01:00,0.0,0.0
972,damper_position_sensor,2023-12-03 18:00:00+01:00,0.0,0.0
973,damper_position_sensor,2023-12-03 18:10:00+01:00,0.0,0.0
974,damper_position_sensor,2023-12-03 18:20:00+01:00,0.0,0.0
975,damper_position_sensor,2023-12-03 18:30:00+01:00,0.0,0.0
976,damper_position_sensor,2023-12-03 18:40:00+01:00,0.0,0.0
977,damper_position_sensor,2023-12-03 18:50:00+01:00,0.0,0.0
978,damper_position_sensor,2023-12-03 19:00:00+01:00,0.0,0.0
979,damper_position_sensor,2023-12-03 19:10:00+01:00,0.0,0.0
980,damper_position_sensor,2023-12-03 19:20:00+01:00,0.0,0.0
981,damper_position_sensor,2023-12-03 19:30:00+01:00,0.0,0.0
982,damper_position_sensor,2023-12-03 19:40:00+01:00,0.0,0.0
983,damper_position_sensor,2023-12-03 19:50:00+01:00,0.0,0.0
984,damper_position_sensor,2023-12-03 20:00:00+01:00,0.0,0.0
985,damper_position_sensor,2023-12-03 20:10:00+01:00,0.0,0.0
986,damper_position_sensor,2023-12-03 20:20:00+01:00,0.0,0.0
987,damper_position_sensor,2023-12-03 20:30:00+01:00,0.0,0.0
988,damper_position_sensor,2023-12-03 20:40:00+01:00,0.0,0.0
989,damper_position_sensor,2023-12-03 20:50:00+01:00,0.0,0.0
990,damper_position_sensor,2023-12-03 21:00:00+01:00,0.0,0.0
991,damper_position_sensor,2023-12-03 21:10:00+01:00,0.0,0.0
992,damper_position_sensor,2023-12-03 21:20:00+01:00,0.0,0.0
993,damper_position_sensor,2023-12-03 21:30:00+01:00,0.0,0.0
994,damper_position_sensor,2023-12-03 21:40:00+01:00,0.0,0.0
995,damper_position_sensor,2023-12-03 21:50:00+01:00,0.0,0.0
996,damper_position_sensor,2023-12-03 22:00:00+01:00,0.0,0.0
997,damper_position_sensor,2023-12-03 22:10:00+01:00,0.0,0.0
998,damper_position_sensor,2023-12-03 22:20:00+01:00,0.0,0.0
999,damper_position_sensor,2023-12-03 22:30:00+01:00,0.0,0.0
1000,damper_position_sensor,2023-12-03 22:40:00+01:00,0.0,0.0
1001,damper_position_sensor,2023-12-03 22:50:00+01:00,0.0,0.0
1002,damper_position_sensor,2023-12-03 23:00:00+01:00,0.0,0.0
1003,damper_position_sensor,2023-12-03 23:10:00+01:00,0.0,0.0
1004,damper_position_sensor,2023-12-03 23:20:00+01:00,0.0,0.0
1005,damper_position_sensor,2023-12-03 23:30:00+01:00,0.0,0.0
1006,damper_position_sensor,2023-12-03 23:40:00+01:00,0.0,0.0
1007,damper_position_sensor,2023-12-03 23:50:00+01:00,0.0,0.0
1008,damper_position_sensor,2023-12-04 00:00:00+01:00,0.0,0.0
1009,damper_position_sensor,2023-12-04 00:10:00+01:00,0.0,0.0
1010,damper_position_sensor,2023-12-04 00:20:00+01:00,0.0,0.0
1011,damper_position_sensor,2023-12-04 00:30:00+01:00,0.0,0.0
1012,damper_position_sensor,2023-12-04 00:40:00+01:00,0.0,0.0
1013,damper_position_sensor,2023-12-04 00:50:00+01:00,0.0,0.0
1014,damper_position_sensor,2023-12-04 01:00:00+01:00,0.0,0.0
1015,damper_position_sensor,2023-12-04 01:10:00+01:00,0.0,0.0
1016,damper_position_sensor,2023-12-04 01:20:00+01:00,0.0,0.0
1017,damper_position_sensor,2023-12-04 01:30:00+01:00,0.0,0.0
1018,damper_position_sensor,2023-12-04 01:40:00+01:00,0.0,0.0
1019,damper_position_sensor,2023-12-04 01:50:00+01:00,0.0,0.0
1020,damper_position_sensor,2023-12-04 02:00:00+01:00,0.0,0.0
1021,damper_position_sensor,2023-12-04 02:10:00+01:00,0.0,0.0
1022,damper_position_sensor,2023-12-04 02:20:00+01:00,0.0,0.0
1023,damper_position_sensor,2023-12-04 02:30:00+01:00,0.0,0.0
1024,damper_position_sensor,2023-12-04 02:40:00+01:00,0.0,0.0
1025,damper_position_sensor,2023-12-04 02:50:00+01:00,0.0,0.0
1026,damper_position_sensor,2023-12-04 03:00:00+01:00,0.0,0.0
1027,damper_position_sensor,2023-12-04 03:10:00+01:00,0.0,0.0
1028,damper_position_sensor,2023-12-04 03:20:00+01:00,0.0,0.0
1029,damper_position_sensor,2023-12-04 03:30:00+01:00,0.0,0.0
1030,damper_position_sensor,2023-12-04 03:40:00+01:00,0.0,0.0
1031,damper_position_sensor,2023-12-04 03:50:00+01:00,0.0,0.0
1032,damper_position_sensor,2023-12-04 04:00:00+01:00,0.0,0.0
1033,damper_position_sensor,2023-12-04 04:10:00+01:00,0.0,0.0
1034,damper_position_sensor,2023-12-04 04:20:00+01:00,0.0,0.0
1035,damper_position_sensor,2023-12-04 04:30:00+01:00,0.0,0.0
1036,damper_position_sensor,2023-12-04 04:40:00+01:00,0.0,0.0
1037,damper_position_sensor,2023-12-04 04:50:00+01:00,0.0,0.0
1038,damper_position_sensor,2023-12-04 05:00:00+01:00,0.0,0.0
1039,damper_position_sensor,2023-12-04 05:10:00+01:00,0.0,0.0
1040,damper_position_sensor,2023-12-04 05:20:00+01:00,0.0,0.0
1041,damper_position_sensor,2023-12-04 05:30:00+01:00,0.0,0.0
1042,damper_position_sensor,2023-12-04 05:40:00+01:00,0.0,0.0
1043,damper_position_sensor,2023-12-04 05:50:00+01:00,0.0,0.0
1044,damper_position_sensor,2023-12-04 06:00:00+01:00,0.0,0.0
1045,damper_position_sensor,2023-12-04 06:10:00+01:00,0.0,0.0
1046,damper_position_sensor,2023-12-04 06:20:00+01:00,0.0,0.0
1047,damper_position_sensor,2023-12-04 06:30:00+01:00,0.0,0.0
1048,damper_position_sensor,2023-12-04 06:40:00+01:00,0.0,0.0
1049,damper_position_sensor,2023-12-04 06:50:00+01:00,0.0,0.0
1050,damper_position_sensor,2023-12-04 07:00:00+01:00,0.0,0.0
1051,damper_position_sensor,2023-12-04 07:10:00+01:00,0.0,0.0
1052,damper_position_sensor,2023-12-04 07:20:00+01:00,0.0,0.0
1053,damper_position_sensor,2023-12-04 07:30:00+01:00,0.0,0.0
1054,damper_position_sensor,2023-12-04 07:40:00+01:00,0.0,0.0
1055,damper_position_sensor,2023-12-04 07:50:00+01:00,0.0,0.0
1056,damper_position_sensor,2023-12-04 08:00:00+01:00,0.0,0.0
1057,damper_position_sensor,2023-12-04 08:10:00+01:00,0.0,0.0
1058,damper_position_sensor,2023-12-04 08:20:00+01:00,0.0,0.0
1059,damper_position_sensor,2023-12-04 08:30:00+01:00,0.0,0.0
1060,damper_position_sensor,2023-12-04 08:40:00+01:00,0.0,0.0
1061,damper_position_sensor,2023-12-04 08:50:00+01:00,0.0,0.0
1062,damper_position_sensor,2023-12-04 09:00:00+01:00,0.0,0.0
1063,damper_position_sensor,2023-12-04 09:10:00+01:00,0.0,0.0
1064,damper_position_sensor,2023-12-04 09:20:00+01:00,0.0,0.0
1065,damper_position_sensor,2023-12-04 09:30:00+01:00,0.0,0.0
1066,damper_position_sensor,2023-12-04 09:40:00+01:00,0.0,0.0
1067,damper_position_sensor,2023-12-04 09:50:00+01:00,0.0,0.0
1068,damper_position_sensor,2023-12-04 10:00:00+01:00,0.0,0.0
1069,damper_position_sensor,2023-12-04 10:10:00+01:00,0.0,0.0
1070,damper_position_sensor,2023-12-04 10:20:00+01:00,0.0,0.0
1071,damper_position_sensor,2023-12-04 10:30:00+01:00,0.0,0.0
1072,damper_position_sensor,2023-12-04 10:40:00+01:00,0.0,0.0
1073,damper_position_sensor,2023-12-04 10:50:00+01:00,0.0,0.0
1074,damper_position_sensor,2023-12-04 11:00:00+01:00,0.0,0.0
1075,damper_position_sensor,2023-12-04 11:10:00+01:00,0.0,0.0
1076,damper_position_sensor,2023-12-04 11:20:00+01:00,0.0,0.0
1077,damper_position_sensor,2023-12-04 11:30:00+01:00,0.0,0.0
1078,damper_position_sensor,2023-12-04 11:40:00+01:00,0.0,0.0
1079,damper_position_sensor,2023-12-04 11:50:00+01:00,0.0,0.0
1080,damper_position_sensor,2023-12-04 12:00:00+01:00,0.0,0.0
1081,damper_position_sensor,2023-12-04 12:10:00+01:00,0.0,0.0
1082,damper_position_sensor,2023-12-04 12:20:00+01:00,0.0,0.0
1083,damper_position_sensor,2023-12-04 12:30:00+01:00,0.0,0.0
1084,damper_position_sensor,2023-12-04 12:40:00+01:00,0.0,0.0
1085,damper_position_sensor,2023-12-04 12:50:00+01:00,0.0,0.0
1086,damper_position_sensor,2023-12-04 13:00:00+01:00,0.0,0.0
1087,damper_position_sensor,2023-12-04 13:10:00+01:00,0.0,0.0
1088,damper_position_sensor,2023-12-04 13:20:00+01:00,0.0,0.0
1089,damper_position_sensor,2023-12-04 13:30:00+01:00,0.0,0.0
1090,damper_position_sensor,2023-12-04 13:40:00+01:00,0.0,0.0
1091,damper_position_sensor,2023-12-04 13:50:00+01:00,0.0,0.0
1092,damper_position_sensor,2023-12-04 14:00:00+01:00,0.0,0.0
1093,damper_position_sensor,2023-12-04 14:10:00+01:00,0.0,0.0
1094,damper_position_sensor,2023-12-04 14:20:00+01:00,0.0,0.0
1095,damper_position_sensor,2023-12-04 14:30:00+01:00,0.0,0.0
1096,damper_position_sensor,2023-12-04 14:40:00+01:00,0.0,0.0
1097,damper_position_sensor,2023-12-04 14:50:00+01:00,0.0,0.0
1098,damper_position_sensor,2023-12-04 15:00:00+01:00,0.0,0.0
1099,damper_position_sensor,2023-12-04 15:10:00+01:00,0.0,0.0
1100,damper_position_sensor,2023-12-04 15:20:00+01:00,0.0,0.0
1101,damper_position_sensor,2023-12-04 15:30:00+01:00,0.0,0.0
1102,damper_position_sensor,2023-12-04 15:40:00+01:00,0.0,0.0
1103,damper_position_sensor,2023-12-04 15:50:00+01:00,0.0,0.0
1104,damper_position_sensor,2023-12-04 16:00:00+01:00,0.0,0.0
1105,damper_position_sensor,2023-12-04 16:10:00+01:00,0.0,0.0
1106,damper_position_sensor,2023-12-04 16:20:00+01:00,0.0,0.0
1107,damper_position_sensor,2023-12-04 16:30:00+01:00,0.0,0.0
1108,damper_position_sensor,2023-12-04 16:40:00+01:00,0.0,0.0
1109,damper_position_sensor,2023-12-04 16:50:00+01:00,0.0,0.0
1110,damper_position_sensor,2023-12-04 17:00:00+01:00,0.0,0.0
1111,damper_position_sensor,2023-12-04 17:10:00+01:00,0.0,0.0
1112,damper_position_sensor,2023-12-04 17:20:00+01:00,0.0,0.0
1113,damper_position_sensor,2023-12-04 17:30:00+01:00,0.0,0.0
1114,damper_position_sensor,2023-12-04 17:40:00+01:00,0.0,0.0
1115,damper_position_sensor,2023-12-04 17:50:00+01:00,0.0,0.0
1116,damper_position_sensor,2023-12-04 18:00:00+01:00,0.0,0.0
1117,damper_position_sensor,2023-12-04 18:10:00+01:00,0.0,0.0
1118,damper_position_sensor,2023-12-04 18:20:00+01:00,0.0,0.0
1119,damper_position_sensor,2023-12-04 18:30:00+01:00,0.0,0.0
1120,damper_position_sensor,2023-12-04 18:40:00+01:00,0.0,0.0
1121,damper_position_sensor,2023-12-04 18:50:00+01:00,0.0,0.0
1122,damper_position_sensor,2023-12-04 19:00:00+01:00,0.0,0.0
1123,damper_position_sensor,2023-12-04 19:10:00+01:00,0.0,0.0
1124,damper_position_sensor,2023-12-04 19:20:00+01:00,0.0,0.0
1125,damper_position_sensor,2023-12-04 19:30:00+01:00,0.0,0.0
1126,damper_position_sensor,2023-12-04 19:40:00+01:00,0.0,0.0
1127,damper_position_sensor,2023-12-04 19:50:00+01:00,0.0,0.0
1128,damper_position_sensor,2023-12-04 20:00:00+01:00,0.0,0.0
1129,damper_position_sensor,2023-12-04 20:10:00+01:00,0.0,0.0
1130,damper_position_sensor,2023-12-04 20:20:00+01:00,0.0,0.0
1131,damper_position_sensor,2023-12-04 20:30:00+01:00,0.0,0.0
1132,damper_position_sensor,2023-12-04 20:40:00+01:00,0.0,0.0
1133,damper_position_sensor,2023-12-04 20:50:00+01:00,0.0,0.0
1134,damper_position_sensor,2023-12-04 21:00:00+01:00,0.0,0.0
1135,damper_position_sensor,2023-12-04 21:10:00+01:00,0.0,0.0
1136,damper_position_sensor,2023-12-04 21:20:00+01:00,0.0,0.0
1137,damper_position_sensor,2023-12-04 21:30:00+01:00,0.0,0.0
1138,damper_position_sensor,2023-12-04 21:40:00+01:00,0.0,0.0
1139,damper_position_sensor,2023-12-04 21:50:00+01:00,0.0,0.0
1140,damper_position_sensor,2023-12-04 22:00:00+01:00,0.0,0.0
1141,damper_position_sensor,2023-12-04 22:10:00+01:00,0.0,0.0
1142,damper_position_sensor,2023-12-04 22:20:00+01:00,0.0,0.0
1143,damper_position_sensor,2023-12-04 22:30:00+01:00,0.0,0.0
1144,damper_position_sensor,2023-12-04 22:40:00+01:00,0.0,0.0
1145,damper_position_sensor,2023-12-04 22:50:00+01:00,0.0,0.0
1146,damper_position_sensor,2023-12-04 23:00:00+01:00,0.0,0.0
1147,damper_position_sensor,2023-12-04 23:10:00+01:00,0.0,0.0
1148,damper_position_sensor,2023-12-04 23:20:00+01:00,0.0,0.0
1149,damper_position_sensor,2023-12-04 23:30:00+01:00,0.0,0.0
1150,damper_position_sensor,2023-12-04 23:40:00+01:00,0.0,0.0
1151,damper_position_sensor,2023-12-04 23:50:00+01:00,0.0,0.0
1152,damper_position_sensor,2023-12-05 00:00:00+01:00,0.0,0.0
1153,damper_position_sensor,2023-12-05 00:10:00+01:00,0.0,0.0
1154,damper_position_sensor,2023-12-05 00:20:00+01:00,0.0,0.0
1155,damper_position_sensor,2023-12-05 00:30:00+01:00,0.0,0.0
1156,damper_position_sensor,2023-12-05 00:40:00+01:00,0.0,0.0
1157,damper_position_sensor,2023-12-05 00:50:00+01:00,0.0,0.0
1158,damper_position_sensor,2023-12-05 01:00:00+01:00,0.0,0.0
1159,damper_position_sensor,2023-12-05 01:10:00+01:00,0.0,0.0
1160,damper_position_sensor,2023-12-05 01:20:00+01:00,0.0,0.0
1161,damper_position_sensor,2023-12-05 01:30:00+01:00,0.0,0.0
1162,damper_position_sensor,2023-12-05 01:40:00+01:00,0.0,0.0
1163,damper_position_sensor,2023-12-05 01:50:00+01:00,0.0,0.0
1164,damper_position_sensor,2023-12-05 02:00:00+01:00,0.0,0.0
1165,damper_position_sensor,2023-12-05 02:10:00+01:00,0.0,0.0
1166,damper_position_sensor,2023-12-05 02:20:00+01:00,0.0,0.0
1167,damper_position_sensor,2023-12-05 02:30:00+01:00,0.0,0.0
1168,damper_position_sensor,2023-12-05 02:40:00+01:00,0.0,0.0
1169,damper_position_sensor,2023-12-05 02:50:00+01:00,0.0,0.0
1170,damper_position_sensor,2023-12-05 03:00:00+01:00,0.0,0.0
1171,damper_position_sensor,2023-12-05 03:10:00+01:00,0.0,0.0
1172,damper_position_sensor,2023-12-05 03:20:00+01:00,0.0,0.0
1173,damper_position_sensor,2023-12-05 03:30:00+01:00,0.0,0.0
1174,damper_position_sensor,2023-12-05 03:40:00+01:00,0.0,0.0
1175,damper_position_sensor,2023-12-05 03:50:00+01:00,0.0,0.0
1176,damper_position_sensor,2023-12-05 04:00:00+01:00,0.0,0.0
1177,damper_position_sensor,2023-12-05 04:10:00+01:00,0.0,0.0
1178,damper_position_sensor,2023-12-05 04:20:00+01:00,0.0,0.0
1179,damper_position_sensor,2023-12-05 04:30:00+01:00,0.0,0.0
1180,damper_position_sensor,2023-12-05 04:40:00+01:00,0.0,0.0
1181,damper_position_sensor,2023-12-05 04:50:00+01:00,0.0,0.0
1182,damper_position_sensor,2023-12-05 05:00:00+01:00,0.0,0.0
1183,damper_position_sensor,2023-12-05 05:10:00+01:00,0.0,0.0
1184,damper_position_sensor,2023-12-05 05:20:00+01:00,0.0,0.0
1185,damper_position_sensor,2023-12-05 05:30:00+01:00,0.0,0.0
1186,damper_position_sensor,2023-12-05 05:40:00+01:00,0.0,0.0
1187,damper_position_sensor,2023-12-05 05:50:00+01:00,0.0,0.0
1188,damper_position_sensor,2023-12-05 06:00:00+01:00,0.0,0.0
1189,damper_position_sensor,2023-12-05 06:10:00+01:00,0.0,0.0
1190,damper_position_sensor,2023-12-05 06:20:00+01:00,0.0,0.0
1191,damper_position_sensor,2023-12-05 06:30:00+01:00,0.0,0.0
1192,damper_position_sensor,2023-12-05 06:40:00+01:00,0.0,0.0
1193,damper_position_sensor,2023-12-05 06:50:00+01:00,0.0,0.0
1194,damper_position_sensor,2023-12-05 07:00:00+01:00,0.0,0.0
1195,damper_position_sensor,2023-12-05 07:10:00+01:00,0.0,0.0
1196,damper_position_sensor,2023-12-05 07:20:00+01:00,0.0,0.0
1197,damper_position_sensor,2023-12-05 07:30:00+01:00,0.0,0.0
1198,damper_position_sensor,2023-12-05 07:40:00+01:00,0.0,0.0
1199,damper_position_sensor,2023-12-05 07:50:00+01:00,0.0,0.0
1200,damper_position_sensor,2023-12-05 08:00:00+01:00,0.0,0.0
1201,damper_position_sensor,2023-12-05 08:10:00+01:00,0.0,0.0
1202,damper_position_sensor,2023-12-05 08:20:00+01:00,0.0,0.0
1203,damper_position_sensor,2023-12-05 08:30:00+01:00,0.0,0.0
1204,damper_position_sensor,2023-12-05 08:40:00+01:00,0.0,0.0
1205,damper_position_sensor,2023-12-05 08:50:00+01:00,0.0,0.0
1206,damper_position_sensor,2023-12-05 09:00:00+01:00,0.0,0.0
1207,damper_position_sensor,2023-12-05 09:10:00+01:00,0.0,0.0
1208,damper_position_sensor,2023-12-05 09:20:00+01:00,0.0,0.0
1209,damper_position_sensor,2023-12-05 09:30:00+01:00,0.0,0.0
1210,damper_position_sensor,2023-12-05 09:40:00+01:00,0.0,0.0
1211,damper_position_sensor,2023-12-05 09:50:00+01:00,0.0,0.0
1212,damper_position_sensor,2023-12-05 10:00:00+01:00,0.0,0.0
1213,damper_position_sensor,2023-12-05 10:10:00+01:00,0.0,0.0
1214,damper_position_sensor,2023-12-05 10:20:00+01:00,0.0,0.0
1215,damper_position_sensor,2023-12-05 10:30:00+01:00,0.0,0.0
1216,damper_position_sensor,2023-12-05 10:40:00+01:00,0.0,0.0
1217,damper_position_sensor,2023-12-05 10:50:00+01:00,0.0,0.0
1218,damper_position_sensor,2023-12-05 11:00:00+01:00,0.0,0.0
1219,damper_position_sensor,2023-12-05 11:10:00+01:00,0.0,0.0
1220,damper_position_sensor,2023-12-05 11:20:00+01:00,0.0,0.0
1221,damper_position_sensor,2023-12-05 11:30:00+01:00,0.0,0.0
1222,damper_position_sensor,2023-12-05 11:40:00+01:00,0.0,0.0
1223,damper_position_sensor,2023-12-05 11:50:00+01:00,0.0,0.0
1224,damper_position_sensor,2023-12-05 12:00:00+01:00,0.0,0.0
1225,damper_position_sensor,2023-12-05 12:10:00+01:00,0.0,0.0
1226,damper_position_sensor,2023-12-05 12:20:00+01:00,0.0,0.0
1227,damper_position_sensor,2023-12-05 12:30:00+01:00,0.0,0.0
1228,damper_position_sensor,2023-12-05 12:40:00+01:00,0.0,0.0
1229,damper_position_sensor,2023-12-05 12:50:00+01:00,0.0,0.0
1230,damper_position_sensor,2023-12-05 13:00:00+01:00,0.0,0.0
1231,damper_position_sensor,2023-12-05 13:10:00+01:00,0.0,0.0
1232,damper_position_sensor,2023-12-05 13:20:00+01:00,0.0,0.0
1233,damper_position_sensor,2023-12-05 13:30:00+01:00,0.0,0.0
1234,damper_position_sensor,2023-12-05 13:40:00+01:00,0.0,0.0
1235,damper_position_sensor,2023-12-05 13:50:00+01:00,0.0,0.0
1236,damper_position_sensor,2023-12-05 14:00:00+01:00,0.0,0.0
1237,damper_position_sensor,2023-12-05 14:10:00+01:00,0.0,0.0
1238,damper_position_sensor,2023-12-05 14:20:00+01:00,0.0,0.0
1239,damper_position_sensor,2023-12-05 14:30:00+01:00,0.0,0.0
1240,damper_position_sensor,2023-12-05 14:40:00+01:00,0.0,0.0
1241,damper_position_sensor,2023-12-05 14:50:00+01:00,0.0,0.0
1242,damper_position_sensor,2023-12-05 15:00:00+01:00,0.0,0.0
1243,damper_position_sensor,2023-12-05 15:10:00+01:00,0.0,0.0
1244,damper_position_sensor,2023-12-05 15:20:00+01:00,0.0,0.0
1245,damper_position_sensor,2023-12-05 15:30:00+01:00,0.0,0.0
1246,damper_position_sensor,2023-12-05 15:40:00+01:00,0.0,0.0
1247,damper_position_sensor,2023-12-05 15:50:00+01:00,0.0,0.0
1248,damper_position_sensor,2023-12-05 16:00:00+01:00,0.0,0.0
1249,damper_position_sensor,2023-12-05 16:10:00+01:00,0.0,0.0
1250,damper_position_sensor,2023-12-05 16:20:00+01:00,0.0,0.0
1251,damper_position_sensor,2023-12-05 16:30:00+01:00,0.0,0.0
1252,damper_position_sensor,2023-12-05 16:40:00+01:00,0.0,0.0
1253,damper_position_sensor,2023-12-05 16:50:00+01:00,0.0,0.0
1254,damper_position_sensor,2023-12-05 17:00:00+01:00,0.0,0.0
1255,damper_position_sensor,2023-12-05 17:10:00+01:00,0.0,0.0
1256,damper_position_sensor,2023-12-05 17:20:00+01:00,0.0,0.0
1257,damper_position_sensor,2023-12-05 17:30:00+01:00,0.0,0.0
1258,damper_position_sensor,2023-12-05 17:40:00+01:00,0.0,0.0
1259,damper_position_sensor,2023-12-05 17:50:00+01:00,0.0,0.0
1260,damper_position_sensor,2023-12-05 18:00:00+01:00,0.0,0.0
1261,damper_position_sensor,2023-12-05 18:10:00+01:00,0.0,0.0
1262,damper_position_sensor,2023-12-05 18:20:00+01:00,0.0,0.0
1263,damper_position_sensor,2023-12-05 18:30:00+01:00,0.0,0.0
1264,damper_position_sensor,2023-12-05 18:40:00+01:00,0.0,0.0
1265,damper_position_sensor,2023-12-05 18:50:00+01:00,0.0,0.0
1266,damper_position_sensor,2023-12-05 19:00:00+01:00,0.0,0.0
1267,damper_position_sensor,2023-12-05 19:10:00+01:00,0.0,0.0
1268,damper_position_sensor,2023-12-05 19:20:00+01:00,0.0,0.0
1269,damper_position_sensor,2023-12-05 19:30:00+01:00,0.0,0.0
1270,damper_position_sensor,2023-12-05 19:40:00+01:00,0.0,0.0
1271,damper_position_sensor,2023-12-05 19:50:00+01:00,0.0,0.0
1272,damper_position_sensor,2023-12-05 20:00:00+01:00,0.0,0.0
1273,damper_position_sensor,2023-12-05 20:10:00+01:00,0.0,0.0
1274,damper_position_sensor,2023-12-05 20:20:00+01:00,0.0,0.0
1275,damper_position_sensor,2023-12-05 20:30:00+01:00,0.0,0.0
1276,damper_position_sensor,2023-12-05 20:40:00+01:00,0.0,0.0
1277,damper_position_sensor,2023-12-05 20:50:00+01:00,0.0,0.0
1278,damper_position_sensor,2023-12-05 21:00:00+01:00,0.0,0.0
1279,damper_position_sensor,2023-12-05 21:10:00+01:00,0.0,0.0
1280,damper_position_sensor,2023-12-05 21:20:00+01:00,0.0,0.0
1281,damper_position_sensor,2023-12-05 21:30:00+01:00,0.0,0.0
1282,damper_position_sensor,2023-12-05 21:40:00+01:00,0.0,0.0
1283,damper_position_sensor,2023-12-05 21:50:00+01:00,0.0,0.0
1284,damper_position_sensor,2023-12-05 22:00:00+01:00,0.0,0.0
1285,damper_position_sensor,2023-12-05 22:10:00+01:00,0.0,0.0
1286,damper_position_sensor,2023-12-05 22:20:00+01:00,0.0,0.0
1287,damper_position_sensor,2023-12-05 22:30:00+01:00,0.0,0.0
1288,damper_position_sensor,2023-12-05 22:40:00+01:00,0.0,0.0
1289,damper_position_sensor,2023-12-05 22:50:00+01:00,0.0,0.0
1290,damper_position_sensor,2023-12-05 23:00:00+01:00,0.0,0.0
1291,damper_position_sensor,2023-12-05 23:10:00+01:00,0.0,0.0
1292,damper_position_sensor,2023-12-05 23:20:00+01:00,0.0,0.0
1293,damper_position_sensor,2023-12-05 23:30:00+01:00,0.0,0.0
1294,damper_position_sensor,2023-12-05 23:40:00+01:00,0.0,0.0
1295,damper_position_sensor,2023-12-05 23:50:00+01:00,0.0,0.0
1296,damper_position_sensor,2023-12-06 00:00:00+01:00,0.0,0.0
1297,damper_position_sensor,2023-12-06 00:10:00+01:00,0.0,0.0
1298,damper_position_sensor,2023-12-06 00:20:00+01:00,0.0,0.0
1299,damper_position_sensor,2023-12-06 00:30:00+01:00,0.0,0.0
1300,damper_position_sensor,2023-12-06 00:40:00+01:00,0.0,0.0
1301,damper_position_sensor,2023-12-06 00:50:00+01:00,0.0,0.0
1302,damper_position_sensor,2023-12-06 01:00:00+01:00,0.0,0.0
1303,damper_position_sensor,2023-12-06 01:10:00+01:00,0.0,0.0
1304,damper_position_sensor,2023-12-06 01:20:00+01:00,0.0,0.0
1305,damper_position_sensor,2023-12-06 01:30:00+01:00,0.0,0.0
1306,damper_position_sensor,2023-12-06 01:40:00+01:00,0.0,0.0
1307,damper_position_sensor,2023-12-06 01:50:00+01:00,0.0,0.0
1308,damper_position_sensor,2023-12-06 02:00:00+01:00,0.0,0.0
1309,damper_position_sensor,2023-12-06 02:10:00+01:00,0.0,0.0
1310,damper_position_sensor,2023-12-06 02:20:00+01:00,0.0,0.0
1311,damper_position_sensor,2023-12-06 02:30:00+01:00,0.0,0.0
1312,damper_position_sensor,2023-12-06 02:40:00+01:00,0.0,0.0
1313,damper_position_sensor,2023-12-06 02:50:00+01:00,0.0,0.0
1314,damper_position_sensor,2023-12-06 03:00:00+01:00,0.0,0.0
1315,damper_position_sensor,2023-12-06 03:10:00+01:00,0.0,0.0
1316,damper_position_sensor,2023-12-06 03:20:00+01:00,0.0,0.0
1317,damper_position_sensor,2023-12-06 03:30:00+01:00,0.0,0.0
1318,damper_position_sensor,2023-12-06 03:40:00+01:00,0.0,0.0
1319,damper_position_sensor,2023-12-06 03:50:00+01:00,0.0,0.0
1320,damper_position_sensor,2023-12-06 04:00:00+01:00,0.0,0.0
1321,damper_position_sensor,2023-12-06 04:10:00+01:00,0.0,0.0
1322,damper_position_sensor,2023-12-06 04:20:00+01:00,0.0,0.0
1323,damper_position_sensor,2023-12-06 04:30:00+01:00,0.0,0.0
1324,damper_position_sensor,2023-12-06 04:40:00+01:00,0.0,0.0
1325,damper_position_sensor,2023-12-06 04:50:00+01:00,0.0,0.0
1326,damper_position_sensor,2023-12-06 05:00:00+01:00,0.0,0.0
1327,damper_position_sensor,2023-12-06 05:10:00+01:00,0.0,0.0
1328,damper_position_sensor,2023-12-06 05:20:00+01:00,0.0,0.0
1329,damper_position_sensor,2023-12-06 05:30:00+01:00,0.0,0.0
1330,damper_position_sensor,2023-12-06 05:40:00+01:00,0.0,0.0
1331,damper_position_sensor,2023-12-06 05:50:00+01:00,0.0,0.0
1332,damper_position_sensor,2023-12-06 06:00:00+01:00,0.0,0.0
1333,damper_position_sensor,2023-12-06 06:10:00+01:00,0.0,0.0
1334,damper_position_sensor,2023-12-06 06:20:00+01:00,0.0,0.0
1335,damper_position_sensor,2023-12-06 06:30:00+01:00,0.0,0.0
1336,damper_position_sensor,2023-12-06 06:40:00+01:00,0.0,0.0
1337,damper_position_sensor,2023-12-06 06:50:00+01:00,0.0,0.0
1338,damper_position_sensor,2023-12-06 07:00:00+01:00,0.0,0.0
1339,damper_position_sensor,2023-12-06 07:10:00+01:00,0.0,0.0
1340,damper_position_sensor,2023-12-06 07:20:00+01:00,0.0,0.0
1341,damper_position_sensor,2023-12-06 07:30:00+01:00,0.0,0.0
1342,damper_position_sensor,2023-12-06 07:40:00+01:00,0.0,0.0
1343,damper_position_sensor,2023-12-06 07:50:00+01:00,0.0,0.0
1344,damper_position_sensor,2023-12-06 08:00:00+01:00,0.0,0.0
1345,damper_position_sensor,2023-12-06 08:10:00+01:00,0.0,0.0
1346,damper_position_sensor,2023-12-06 08:20:00+01:00,0.0,0.0
1347,damper_position_sensor,2023-12-06 08:30:00+01:00,0.0,0.0
1348,damper_position_sensor,2023-12-06 08:40:00+01:00,0.0,0.0
1349,damper_position_sensor,2023-12-06 08:50:00+01:00,0.0,0.0
1350,damper_position_sensor,2023-12-06 09:00:00+01:00,0.0,0.0
1351,damper_position_sensor,2023-12-06 09:10:00+01:00,0.0,0.0
1352,damper_position_sensor,2023-12-06 09:20:00+01:00,0.0,0.0
1353,damper_position_sensor,2023-12-06 09:30:00+01:00,0.0,0.0
1354,damper_position_sensor,2023-12-06 09:40:00+01:00,0.0,0.0
1355,damper_position_sensor,2023-12-06 09:50:00+01:00,0.0,0.0
1356,damper_position_sensor,2023-12-06 10:00:00+01:00,0.0,0.0
1357,damper_position_sensor,2023-12-06 10:10:00+01:00,0.0,0.0
1358,damper_position_sensor,2023-12-06 10:20:00+01:00,0.0,0.0
1359,damper_position_sensor,2023-12-06 10:30:00+01:00,0.0,0.0
1360,damper_position_sensor,2023-12-06 10:40:00+01:00,0.0,0.0
1361,damper_position_sensor,2023-12-06 10:50:00+01:00,0.0,0.0
1362,damper_position_sensor,2023-12-06 11:00:00+01:00,0.0,0.0
1363,damper_position_sensor,2023-12-06 11:10:00+01:00,0.0,0.0
1364,damper_position_sensor,2023-12-06 11:20:00+01:00,0.0,0.0
1365,damper_position_sensor,2023-12-06 11:30:00+01:00,0.0,0.0
1366,damper_position_sensor,2023-12-06 11:40:00+01:00,0.0,0.0
1367,damper_position_sensor,2023-12-06 11:50:00+01:00,0.0,0.0
1368,damper_position_sensor,2023-12-06 12:00:00+01:00,0.0,0.0
1369,damper_position_sensor,2023-12-06 12:10:00+01:00,0.0,0.0
1370,damper_position_sensor,2023-12-06 12:20:00+01:00,0.0,0.0
1371,damper_position_sensor,2023-12-06 12:30:00+01:00,0.0,0.0
1372,damper_position_sensor,2023-12-06 12:40:00+01:00,0.0,0.0
1373,damper_position_sensor,2023-12-06 12:50:00+01:00,0.0,0.0
1374,damper_position_sensor,2023-12-06 13:00:00+01:00,0.0,0.0
1375,damper_position_sensor,2023-12-06 13:10:00+01:00,0.0,0.0
1376,damper_position_sensor,2023-12-06 13:20:00+01:00,0.0,0.0
1377,damper_position_sensor,2023-12-06 13:30:00+01:00,0.0,0.0
1378,damper_position_sensor,2023-12-06 13:40:00+01:00,0.0,0.0
1379,damper_position_sensor,2023-12-06 13:50:00+01:00,0.0,0.0
1380,damper_position_sensor,2023-12-06 14:00:00+01:00,0.0,0.0
1381,damper_position_sensor,2023-12-06 14:10:00+01:00,0.0,0.0
1382,damper_position_sensor,2023-12-06 14:20:00+01:00,0.0,0.0
1383,damper_position_sensor,2023-12-06 14:30:00+01:00,0.0,0.0
1384,damper_position_sensor,2023-12-06 14:40:00+01:00,0.0,0.0
1385,damper_position_sensor,2023-12-06 14:50:00+01:00,0.0,0.0
1386,damper_position_sensor,2023-12-06 15:00:00+01:00,0.0,0.0
1387,damper_position_sensor,2023-12-06 15:10:00+01:00,0.0,0.0
1388,damper_position_sensor,2023-12-06 15:20:00+01:00,0.0,0.0
1389,damper_position_sensor,2023-12-06 15:30:00+01:00,0.0,0.0
1390,damper_position_sensor,2023-12-06 15:40:00+01:00,0.0,0.0
1391,damper_position_sensor,2023-12-06 15:50:00+01:00,0.0,0.0
1392,damper_position_sensor,2023-12-06 16:00:00+01:00,0.0,0.0
1393,damper_position_sensor,2023-12-06 16:10:00+01:00,0.0,0.0
1394,damper_position_sensor,2023-12-06 16:20:00+01:00,0.0,0.0
1395,damper_position_sensor,2023-12-06 16:30:00+01:00,0.0,0.0
1396,damper_position_sensor,2023-12-06 16:40:00+01:00,0.0,0.0
1397,damper_position_sensor,2023-12-06 16:50:00+01:00,0.0,0.0
1398,damper_position_sensor,2023-12-06 17:00:00+01:00,0.0,0.0
1399,damper_position_sensor,2023-12-06 17:10:00+01:00,0.0,0.0
1400,damper_position_sensor,2023-12-06 17:20:00+01:00,0.0,0.0
1401,damper_position_sensor,2023-12-06 17:30:00+01:00,0.0,0.0
1402,damper_position_sensor,2023-12-06 17:40:00+01:00,0.0,0.0
1403,damper_position_sensor,2023-12-06 17:50:00+01:00,0.0,0.0
1404,damper_position_sensor,2023-12-06 18:00:00+01:00,0.0,0.0
1405,damper_position_sensor,2023-12-06 18:10:00+01:00,0.0,0.0
1406,damper_position_sensor,2023-12-06 18:20:00+01:00,0.0,0.0
1407,damper_position_sensor,2023-12-06 18:30:00+01:00,0.0,0.0
1408,damper_position_sensor,2023-12-06 18:40:00+01:00,0.0,0.0
1409,damper_position_sensor,2023-12-06 18:50:00+01:00,0.0,0.0
1410,damper_position_sensor,2023-12-06 19:00:00+01:00,0.0,0.0
1411,damper_position_sensor,2023-12-06 19:10:00+01:00,0.0,0.0
1412,damper_position_sensor,2023-12-06 19:20:00+01:00,0.0,0.0
1413,damper_position_sensor,2023-12-06 19:30:00+01:00,0.0,0.0
1414,damper_position_sensor,2023-12-06 19:40:00+01:00,0.0,0.0
1415,damper_position_sensor,2023-12-06 19:50:00+01:00,0.0,0.0
1416,damper_position_sensor,2023-12-06 20:00:00+01:00,0.0,0.0
1417,damper_position_sensor,2023-12-06 20:10:00+01:00,0.0,0.0
1418,damper_position_sensor,2023-12-06 20:20:00+01:00,0.0,0.0
1419,damper_position_sensor,2023-12-06 20:30:00+01:00,0.0,0.0
1420,damper_position_sensor,2023-12-06 20:40:00+01:00,0.0,0.0
1421,damper_position_sensor,2023-12-06 20:50:00+01:00,0.0,0.0
1422,damper_position_sensor,2023-12-06 21:00:00+01:00,0.0,0.0
1423,damper_position_sensor,2023-12-06 21:10:00+01:00,0.0,0.0
1424,damper_position_sensor,2023-12-06 21:20:00+01:00,0.0,0.0
1425,damper_position_sensor,2023-12-06 21:30:00+01:00,0.0,0.0
1426,damper_position_sensor,2023-12-06 21:40:00+01:00,0.0,0.0
1427,damper_position_sensor,2023-12-06 21:50:00+01:00,0.0,0.0
1428,damper_position_sensor,2023-12-06 22:00:00+01:00,0.0,0.0
1429,damper_position_sensor,2023-12-06 22:10:00+01:00,0.0,0.0
1430,damper_position_sensor,2023-12-06 22:20:00+01:00,0.0,0.0
1431,damper_position_sensor,2023-12-06 22:30:00+01:00,0.0,0.0
1432,damper_position_sensor,2023-12-06 22:40:00+01:00,0.0,0.0
1433,damper_position_sensor,2023-12-06 22:50:00+01:00,0.0,0.0
1434,damper_position_sensor,2023-12-06 23:00:00+01:00,0.0,0.0
1435,damper_position_sensor,2023-12-06 23:10:00+01:00,0.0,0.0
1436,damper_position_sensor,2023-12-06 23:20:00+01:00,0.0,0.0
1437,damper_position_sensor,2023-12-06 23:30:00+01:00,0.0,0.0
1438,damper_position_sensor,2023-12-06 23:40:00+01:00,0.0,0.0
1439,damper_position_sensor,2023-12-06 23:50:00+01:00,0.0,0.0
