time,value
2023-11-27 00:00:00+01:00,1816.9490352180862
2023-11-27 00:10:00+01:00,675.3159060671862
2023-11-27 00:20:00+01:00,546.4946709402298
2023-11-27 00:30:00+01:00,478.24890744291974
2023-11-27 00:40:00+01:00,442.16318761720146
2023-11-27 00:50:00+01:00,422.92815790163627
2023-11-27 01:00:00+01:00,412.7989635106081
2023-11-27 01:10:00+01:00,407.53445609685457
2023-11-27 01:20:00+01:00,404.7687054046237
2023-11-27 01:30:00+01:00,403.2584332600884
2023-11-27 01:40:00+01:00,402.44226939485657
2023-11-27 01:50:00+01:00,402.0197439845509
2023-11-27 02:00:00+01:00,401.7784960343292
2023-11-27 02:10:00+01:00,401.650214415829
2023-11-27 02:20:00+01:00,401.57589921247666
2023-11-27 02:30:00+01:00,401.5325769889206
2023-11-27 02:40:00+01:00,401.508766944397
2023-11-27 02:50:00+01:00,401.49702370732007
2023-11-27 03:00:00+01:00,401.49000241090465
2023-11-27 03:10:00+01:00,401.48620050046685
2023-11-27 03:20:00+01:00,401.484125514833
2023-11-27 03:30:00+01:00,401.48295593129427
2023-11-27 03:40:00+01:00,401.48238005724755
2023-11-27 03:50:00+01:00,401.48201450858664
2023-11-27 04:00:00+01:00,401.48181062105925
2023-11-27 04:10:00+01:00,400.8451398759265
2023-11-27 04:20:00+01:00,401.13342986879957
2023-11-27 04:30:00+01:00,401.28997309406293
2023-11-27 04:40:00+01:00,401.3721336283026
2023-11-27 04:50:00+01:00,401.42159467560737
2023-11-27 05:00:00+01:00,404.61402762778243
2023-11-27 05:10:00+01:00,409.40536240317687
2023-11-27 05:20:00+01:00,412.01690303347027
2023-11-27 05:30:00+01:00,413.4124955862744
2023-11-27 05:40:00+01:00,414.1653163015655
2023-11-27 05:50:00+01:00,414.53250724885226
2023-11-27 06:00:00+01:00,417.91884220832117
2023-11-27 06:10:00+01:00,422.8640464941873
2023-11-27 06:20:00+01:00,425.5431487799687
2023-11-27 06:30:00+01:00,426.9628250764023
2023-11-27 06:40:00+01:00,424.53246668201825
2023-11-27 06:50:00+01:00,426.72999129189895
2023-11-27 07:00:00+01:00,427.89457811222655
2023-11-27 07:10:00+01:00,435.33128378382213
2023-11-27 07:20:00+01:00,461.5493348321936
2023-11-27 07:30:00+01:00,489.53670615036566
2023-11-27 07:40:00+01:00,524.5231819153219
2023-11-27 07:50:00+01:00,546.3993880105122
2023-11-27 08:00:00+01:00,567.6915891299774
2023-11-27 08:10:00+01:00,594.8830721199765
2023-11-27 08:20:00+01:00,595.9602828199767
2023-11-27 08:30:00+01:00,631.6837279025115
2023-11-27 08:40:00+01:00,676.0650000514642
2023-11-27 08:50:00+01:00,690.5847685333249
2023-11-27 09:00:00+01:00,775.9616169850727
2023-11-27 09:10:00+01:00,742.8512073620863
2023-11-27 09:20:00+01:00,692.0120554706293
2023-11-27 09:30:00+01:00,639.3752212187833
2023-11-27 09:40:00+01:00,601.8964104158686
2023-11-27 09:50:00+01:00,604.988277637353
2023-11-27 10:00:00+01:00,624.1095225786344
2023-11-27 10:10:00+01:00,744.0088205554937
2023-11-27 10:20:00+01:00,713.129954083446
2023-11-27 10:30:00+01:00,784.0992630303643
2023-11-27 10:40:00+01:00,818.5862033218017
2023-11-27 10:50:00+01:00,798.2299709657607
2023-11-27 11:00:00+01:00,782.5656517009016
2023-11-27 11:10:00+01:00,795.2073181850617
2023-11-27 11:20:00+01:00,757.7538037845959
2023-11-27 11:30:00+01:00,706.3876101674382
2023-11-27 11:40:00+01:00,658.8971903761767
2023-11-27 11:50:00+01:00,624.041978925339
2023-11-27 12:00:00+01:00,602.3865308038531
2023-11-27 12:10:00+01:00,587.730584934013
2023-11-27 12:20:00+01:00,576.7865364400205
2023-11-27 12:30:00+01:00,567.7987560613799
2023-11-27 12:40:00+01:00,563.0429917394612
2023-11-27 12:50:00+01:00,557.1924551301456
2023-11-27 13:00:00+01:00,550.9121485543117
2023-11-27 13:10:00+01:00,544.4050665589994
2023-11-27 13:20:00+01:00,534.6003951454362
2023-11-27 13:30:00+01:00,523.0463948321764
2023-11-27 13:40:00+01:00,513.7438044372849
2023-11-27 13:50:00+01:00,502.481630481145
2023-11-27 14:00:00+01:00,500.1502157430318
2023-11-27 14:10:00+01:00,502.0963553491228
2023-11-27 14:20:00+01:00,503.12761033298085
2023-11-27 14:30:00+01:00,506.85555762306933
2023-11-27 14:40:00+01:00,505.6497754233706
2023-11-27 14:50:00+01:00,498.1945667548501
2023-11-27 15:00:00+01:00,491.062471885529
2023-11-27 15:10:00+01:00,484.101706316067
2023-11-27 15:20:00+01:00,480.41246872572
2023-11-27 15:30:00+01:00,475.12494279107227
2023-11-27 15:40:00+01:00,469.14177498149525
2023-11-27 15:50:00+01:00,462.7898596056746
2023-11-27 16:00:00+01:00,459.42296811332216
2023-11-27 16:10:00+01:00,454.45763293337455
2023-11-27 16:20:00+01:00,448.6451356378759
2023-11-27 16:30:00+01:00,442.383650595933
2023-11-27 16:40:00+01:00,439.0651167699558
2023-11-27 16:50:00+01:00,434.12546065232056
2023-11-27 17:00:00+01:00,431.50743494816936
2023-11-27 17:10:00+01:00,430.11985386970355
2023-11-27 17:20:00+01:00,429.38443972164947
2023-11-27 17:30:00+01:00,425.8137832319482
2023-11-27 17:40:00+01:00,423.92135650164863
2023-11-27 17:50:00+01:00,422.9184283722862
2023-11-27 18:00:00+01:00,422.38686231952573
2023-11-27 18:10:00+01:00,422.10515912900007
2023-11-27 18:20:00+01:00,421.9558279066807
2023-11-27 18:30:00+01:00,421.87666561584655
2023-11-27 18:40:00+01:00,421.8347016939401
2023-11-27 18:50:00+01:00,421.81245598592847
2023-11-27 19:00:00+01:00,421.80065572884405
2023-11-27 19:10:00+01:00,421.79441005397956
2023-11-27 19:20:00+01:00,418.60963441335895
2023-11-27 19:30:00+01:00,416.9219767586929
2023-11-27 19:40:00+01:00,416.0276758615542
2023-11-27 19:50:00+01:00,415.5533665656631
2023-11-27 20:00:00+01:00,415.3020150382397
2023-11-27 20:10:00+01:00,415.16936141986713
2023-11-27 20:20:00+01:00,415.09941175464644
2023-11-27 20:30:00+01:00,415.0620326114247
2023-11-27 20:40:00+01:00,415.04290923101365
2023-11-27 20:50:00+01:00,415.03258220367496
2023-11-27 21:00:00+01:00,415.0266594655338
2023-11-27 21:10:00+01:00,415.02341066256974
2023-11-27 21:20:00+01:00,415.02158960864296
2023-11-27 21:30:00+01:00,415.0206403591374
2023-11-27 21:40:00+01:00,415.02013704457187
2023-11-27 21:50:00+01:00,415.0198695861469
2023-11-27 22:00:00+01:00,411.9480314339
2023-11-27 22:10:00+01:00,410.23481319606384
2023-11-27 22:20:00+01:00,409.3171655310557
2023-11-27 22:30:00+01:00,408.84410306716444
2023-11-27 22:40:00+01:00,408.5733939051118
2023-11-27 22:50:00+01:00,408.4261789002411
2023-11-27 23:00:00+01:00,408.3468455043292
2023-11-27 23:10:00+01:00,408.3060506270896
2023-11-27 23:20:00+01:00,408.2814963588229
2023-11-27 23:30:00+01:00,408.268012879458
2023-11-27 23:40:00+01:00,408.26059367427763
2023-11-27 23:50:00+01:00,408.257010544429
2023-11-28 00:00:00+01:00,408.2547080663255
2023-11-28 00:10:00+01:00,408.25336900087717
2023-11-28 00:20:00+01:00,405.09140686275555
2023-11-28 00:30:00+01:00,403.45404027544623
2023-11-28 00:40:00+01:00,402.5776189549975
2023-11-28 00:50:00+01:00,402.083263102749
2023-11-28 01:00:00+01:00,401.81487208658234
2023-11-28 01:10:00+01:00,401.67666063033204
2023-11-28 01:20:00+01:00,401.59050397225826
2023-11-28 01:30:00+01:00,401.54231066498824
2023-11-28 01:40:00+01:00,401.51755289628136
2023-11-28 01:50:00+01:00,401.50237470633664
2023-11-28 02:00:00+01:00,401.49412514669694
2023-11-28 02:10:00+01:00,401.48990410110343
2023-11-28 02:20:00+01:00,401.48724545253646
2023-11-28 02:30:00+01:00,401.48575637876974
2023-11-28 02:40:00+01:00,401.48494868487234
2023-11-28 02:50:00+01:00,401.48450918380456
2023-11-28 03:00:00+01:00,401.4842579383387
2023-11-28 03:10:00+01:00,401.4841195766367
2023-11-28 03:20:00+01:00,401.4840474252888
2023-11-28 03:30:00+01:00,401.4840049375127
2023-11-28 03:40:00+01:00,401.4839812434695
2023-11-28 03:50:00+01:00,401.4839683914413
2023-11-28 04:00:00+01:00,401.4839620970459
2023-11-28 04:10:00+01:00,401.48395784962986
2023-11-28 04:20:00+01:00,401.48395550440654
2023-11-28 04:30:00+01:00,401.483954234955
2023-11-28 04:40:00+01:00,401.4839535371538
2023-11-28 04:50:00+01:00,401.4839531531688
2023-11-28 05:00:00+01:00,404.5694576073181
2023-11-28 05:10:00+01:00,409.4297966155067
2023-11-28 05:20:00+01:00,412.02668516390236
2023-11-28 05:30:00+01:00,413.3576275796985
2023-11-28 05:40:00+01:00,414.08937559540897
2023-11-28 05:50:00+01:00,414.48832019847
2023-11-28 06:00:00+01:00,417.8930838718817
2023-11-28 06:10:00+01:00,419.657680843461
2023-11-28 06:20:00+01:00,423.99175078415936
2023-11-28 06:30:00+01:00,426.28853337096245
2023-11-28 06:40:00+01:00,427.50548242119004
2023-11-28 06:50:00+01:00,441.4816361509243
2023-11-28 07:00:00+01:00,445.55521961996936
2023-11-28 07:10:00+01:00,450.89524213609286
2023-11-28 07:20:00+01:00,456.9063819558231
2023-11-28 07:30:00+01:00,463.2731260884288
2023-11-28 07:40:00+01:00,469.8285798422158
2023-11-28 07:50:00+01:00,477.0897848946381
2023-11-28 08:00:00+01:00,487.30037187823893
2023-11-28 08:10:00+01:00,499.9815729490319
2023-11-28 08:20:00+01:00,509.88324631400593
2023-11-28 08:30:00+01:00,515.1309780455176
2023-11-28 08:40:00+01:00,521.0931035657035
2023-11-28 08:50:00+01:00,530.6146881459679
2023-11-28 09:00:00+01:00,535.8124890579421
2023-11-28 09:10:00+01:00,539.0216351232862
2023-11-28 09:20:00+01:00,537.5420963360333
2023-11-28 09:30:00+01:00,529.7866025798816
2023-11-28 09:40:00+01:00,525.6790747907761
2023-11-28 09:50:00+01:00,523.5013003307635
2023-11-28 10:00:00+01:00,519.162887654058
2023-11-28 10:10:00+01:00,520.0496433773409
2023-11-28 10:20:00+01:00,517.3384135396184
2023-11-28 10:30:00+01:00,515.9006642637086
2023-11-28 10:40:00+01:00,515.1394163164142
2023-11-28 10:50:00+01:00,522.308121109621
2023-11-28 11:00:00+01:00,532.6210343962975
2023-11-28 11:10:00+01:00,558.9888813157495
2023-11-28 11:20:00+01:00,596.7440958576233
2023-11-28 11:30:00+01:00,616.6046698569371
2023-11-28 11:40:00+01:00,627.1311841790034
2023-11-28 11:50:00+01:00,625.7426418434429
2023-11-28 12:00:00+01:00,618.0390829797096
2023-11-28 12:10:00+01:00,604.4137827399383
2023-11-28 12:20:00+01:00,590.2249947079537
2023-11-28 12:30:00+01:00,579.3727578321204
2023-11-28 12:40:00+01:00,580.1336477710279
2023-11-28 12:50:00+01:00,577.3561896717152
2023-11-28 13:00:00+01:00,572.5519540456797
2023-11-28 13:10:00+01:00,566.8252447493873
2023-11-28 13:20:00+01:00,560.6107272199174
2023-11-28 13:30:00+01:00,557.3160441994096
2023-11-28 13:40:00+01:00,552.3770870829405
2023-11-28 13:50:00+01:00,546.436282765899
2023-11-28 14:00:00+01:00,543.2872836366328
2023-11-28 14:10:00+01:00,538.4409351056775
2023-11-28 14:20:00+01:00,532.6916423386965
2023-11-28 14:30:00+01:00,529.643679086922
2023-11-28 14:40:00+01:00,524.8477990781035
2023-11-28 14:50:00+01:00,519.1246083836812
2023-11-28 15:00:00+01:00,516.0909533182469
2023-11-28 15:10:00+01:00,511.3023705846178
2023-11-28 15:20:00+01:00,508.764149415653
2023-11-28 15:30:00+01:00,504.237896277277
2023-11-28 15:40:00+01:00,495.4772266136357
2023-11-28 15:50:00+01:00,484.4722569447531
2023-11-28 16:00:00+01:00,472.2778411429203
2023-11-28 16:10:00+01:00,465.81475015127677
2023-11-28 16:20:00+01:00,459.05694321887967
2023-11-28 16:30:00+01:00,452.29441246642955
2023-11-28 16:40:00+01:00,445.52969175425716
2023-11-28 16:50:00+01:00,441.9443323290711
2023-11-28 17:00:00+01:00,443.37636788020535
2023-11-28 17:10:00+01:00,450.49733141670566
2023-11-28 17:20:00+01:00,454.27130913944563
2023-11-28 17:30:00+01:00,453.09053232686017
2023-11-28 17:40:00+01:00,452.46473501637433
2023-11-28 17:50:00+01:00,452.13307902761613
2023-11-28 18:00:00+01:00,448.77653890604404
2023-11-28 18:10:00+01:00,446.99769385270406
2023-11-28 18:20:00+01:00,442.8744168408855
2023-11-28 18:30:00+01:00,437.5084314458076
2023-11-28 18:40:00+01:00,434.66410553530557
2023-11-28 18:50:00+01:00,429.9759810200873
2023-11-28 19:00:00+01:00,427.49022189453143
2023-11-28 19:10:00+01:00,426.1724263946121
2023-11-28 19:20:00+01:00,422.29307834056635
2023-11-28 19:30:00+01:00,420.2373619115973
2023-11-28 19:40:00+01:00,419.14803197007546
2023-11-28 19:50:00+01:00,418.5705077228021
2023-11-28 20:00:00+01:00,418.26413284973506
2023-11-28 20:10:00+01:00,418.1019520650779
2023-11-28 20:20:00+01:00,418.0160661428945
2023-11-28 20:30:00+01:00,417.9704951708414
2023-11-28 20:40:00+01:00,417.94662097168407
2023-11-28 20:50:00+01:00,417.9344158097896
2023-11-28 21:00:00+01:00,417.9277550359804
2023-11-28 21:10:00+01:00,417.9241469059883
2023-11-28 21:20:00+01:00,417.92223334599873
2023-11-28 21:30:00+01:00,417.92129210767166
2023-11-28 21:40:00+01:00,417.92070812166446
2023-11-28 21:50:00+01:00,417.9203964226825
2023-11-28 22:00:00+01:00,417.92023231566094
2023-11-28 22:10:00+01:00,417.9201435875309
2023-11-28 22:20:00+01:00,417.9200985114048
2023-11-28 22:30:00+01:00,417.9200729299638
2023-11-28 22:40:00+01:00,417.9200592539405
2023-11-28 22:50:00+01:00,417.7787417062822
2023-11-28 23:00:00+01:00,417.6969919319143
2023-11-28 23:10:00+01:00,417.6517260717172
2023-11-28 23:20:00+01:00,414.5563309829497
2023-11-28 23:30:00+01:00,412.8931521055762
2023-11-28 23:40:00+01:00,415.04116326559705
2023-11-28 23:50:00+01:00,416.20383130514585
2023-11-29 00:00:00+01:00,416.81017617050225
2023-11-29 00:10:00+01:00,417.1627464640152
2023-11-29 00:20:00+01:00,417.35956962650954
2023-11-29 00:30:00+01:00,417.46629261442575
2023-11-29 00:40:00+01:00,417.5174415540043
2023-11-29 00:50:00+01:00,417.5532674739027
2023-11-29 01:00:00+01:00,417.57306456172637
2023-11-29 01:10:00+01:00,417.58381935797865
2023-11-29 01:20:00+01:00,417.5895682002319
2023-11-29 01:30:00+01:00,417.59304081720654
2023-11-29 01:40:00+01:00,417.5950222441569
2023-11-29 01:50:00+01:00,417.5961446132378
2023-11-29 02:00:00+01:00,417.5967916446559
2023-11-29 02:10:00+01:00,417.5971657971933
2023-11-29 02:20:00+01:00,417.5973851401972
2023-11-29 02:30:00+01:00,417.59752019038774
2023-11-29 02:40:00+01:00,417.59760651461283
2023-11-29 02:50:00+01:00,414.44644934915135
2023-11-29 03:00:00+01:00,412.8116822053646
2023-11-29 03:10:00+01:00,411.9383480088115
2023-11-29 03:20:00+01:00,411.4635609871119
2023-11-29 03:30:00+01:00,411.18168425570747
2023-11-29 03:40:00+01:00,411.02353778408803
2023-11-29 03:50:00+01:00,410.944258328608
2023-11-29 04:00:00+01:00,410.8928425018016
2023-11-29 04:10:00+01:00,410.8641501533497
2023-11-29 04:20:00+01:00,410.84868433257935
2023-11-29 04:30:00+01:00,410.8412735641702
2023-11-29 04:40:00+01:00,410.83630838711844
2023-11-29 04:50:00+01:00,410.83349932953877
2023-11-29 05:00:00+01:00,414.1443169345938
2023-11-29 05:10:00+01:00,416.30732876263244
2023-11-29 05:20:00+01:00,420.64766150174773
2023-11-29 05:30:00+01:00,419.8779991412544
2023-11-29 05:40:00+01:00,422.5217827557408
2023-11-29 05:50:00+01:00,423.9429631340087
2023-11-29 06:00:00+01:00,424.72885448925825
2023-11-29 06:10:00+01:00,428.3100876982221
2023-11-29 06:20:00+01:00,430.24328372566316
2023-11-29 06:30:00+01:00,431.2677093810213
2023-11-29 06:40:00+01:00,431.81054890173056
2023-11-29 06:50:00+01:00,432.0981966166278
2023-11-29 07:00:00+01:00,432.2506288854463
2023-11-29 07:10:00+01:00,475.35553625375076
2023-11-29 07:20:00+01:00,528.7994982295014
2023-11-29 07:30:00+01:00,599.841620872149
2023-11-29 07:40:00+01:00,653.0382113283829
2023-11-29 07:50:00+01:00,661.1799553338592
2023-11-29 08:00:00+01:00,675.5594823909595
2023-11-29 08:10:00+01:00,662.9624153726625
2023-11-29 08:20:00+01:00,653.8523262164758
2023-11-29 08:30:00+01:00,668.0683781858328
2023-11-29 08:40:00+01:00,649.3691760849889
2023-11-29 08:50:00+01:00,621.6948303252767
2023-11-29 09:00:00+01:00,597.4946327715701
2023-11-29 09:10:00+01:00,578.7484307922787
2023-11-29 09:20:00+01:00,563.0531730654815
2023-11-29 09:30:00+01:00,544.587282066715
2023-11-29 09:40:00+01:00,528.4311849951291
2023-11-29 09:50:00+01:00,513.4993402212948
2023-11-29 10:00:00+01:00,508.76731184644416
2023-11-29 10:10:00+01:00,506.25803817439873
2023-11-29 10:20:00+01:00,508.1124480489017
2023-11-29 10:30:00+01:00,505.91096231274736
2023-11-29 10:40:00+01:00,504.7441661276454
2023-11-29 10:50:00+01:00,510.94927929946834
2023-11-29 11:00:00+01:00,517.4223491698606
2023-11-29 11:10:00+01:00,613.2487595137833
2023-11-29 11:20:00+01:00,633.5857624237842
2023-11-29 11:30:00+01:00,727.0988550254889
2023-11-29 11:40:00+01:00,702.3444546823247
2023-11-29 11:50:00+01:00,655.1329014367456
2023-11-29 12:00:00+01:00,614.1306585076175
2023-11-29 12:10:00+01:00,582.8118482224926
2023-11-29 12:20:00+01:00,555.8628408162283
2023-11-29 12:30:00+01:00,535.1881462324924
2023-11-29 12:40:00+01:00,521.0355762452056
2023-11-29 12:50:00+01:00,507.1441803908188
2023-11-29 13:00:00+01:00,493.38018086029183
2023-11-29 13:10:00+01:00,493.09272898771616
2023-11-29 13:20:00+01:00,489.73616463654673
2023-11-29 13:30:00+01:00,484.76815083146965
2023-11-29 13:40:00+01:00,482.13731286531424
2023-11-29 13:50:00+01:00,480.89365194924886
2023-11-29 14:00:00+01:00,480.23531437511974
2023-11-29 14:10:00+01:00,483.08172554026544
2023-11-29 14:20:00+01:00,481.39518740437813
2023-11-29 14:30:00+01:00,480.5011577281585
2023-11-29 14:40:00+01:00,480.0272426758526
2023-11-29 14:50:00+01:00,476.42844405213594
2023-11-29 15:00:00+01:00,474.520700222743
2023-11-29 15:10:00+01:00,470.3140427347624
2023-11-29 15:20:00+01:00,464.88867331196093
2023-11-29 15:30:00+01:00,462.0126955023341
2023-11-29 15:40:00+01:00,460.4881730421766
2023-11-29 15:50:00+01:00,456.33260084407493
2023-11-29 16:00:00+01:00,454.12967598823155
2023-11-29 16:10:00+01:00,449.3098943763702
2023-11-29 16:20:00+01:00,446.7549688688505
2023-11-29 16:30:00+01:00,442.20517892661536
2023-11-29 16:40:00+01:00,439.79337686155793
2023-11-29 16:50:00+01:00,438.5149046127992
2023-11-29 17:00:00+01:00,437.83720065277726
2023-11-29 17:10:00+01:00,437.47794937887573
2023-11-29 17:20:00+01:00,433.93981962081784
2023-11-29 17:30:00+01:00,432.0642924508006
2023-11-29 17:40:00+01:00,431.0701480039984
2023-11-29 17:50:00+01:00,427.34654441552317
2023-11-29 18:00:00+01:00,425.3732190490328
2023-11-29 18:10:00+01:00,424.32754144394727
2023-11-29 18:20:00+01:00,423.7733760224281
2023-11-29 18:30:00+01:00,423.47969866117717
2023-11-29 18:40:00+01:00,423.3240673927456
2023-11-29 18:50:00+01:00,423.2415914692189
2023-11-29 19:00:00+01:00,423.1978829343305
2023-11-29 19:10:00+01:00,423.1747266158489
2023-11-29 19:20:00+01:00,423.16244799030807
2023-11-29 19:30:00+01:00,423.15594137907385
2023-11-29 19:40:00+01:00,423.1524934227441
2023-11-29 19:50:00+01:00,423.15066551257667
2023-11-29 20:00:00+01:00,423.1496958219974
2023-11-29 20:10:00+01:00,423.14918217523126
2023-11-29 20:20:00+01:00,423.1489104212175
2023-11-29 20:30:00+01:00,423.14876650136665
2023-11-29 20:40:00+01:00,423.14869135952006
2023-11-29 20:50:00+01:00,423.14865380893974
2023-11-29 21:00:00+01:00,423.14863207788125
2023-11-29 21:10:00+01:00,423.148620242627
2023-11-29 21:20:00+01:00,423.1486139851998
2023-11-29 21:30:00+01:00,423.1486107797087
2023-11-29 21:40:00+01:00,423.14860895254714
2023-11-29 21:50:00+01:00,419.9628451043313
2023-11-29 22:00:00+01:00,418.27245233793974
2023-11-29 22:10:00+01:00,417.3635406433257
2023-11-29 22:20:00+01:00,416.9093168132652
2023-11-29 22:30:00+01:00,416.64989358831593
2023-11-29 22:40:00+01:00,416.51058739018134
2023-11-29 22:50:00+01:00,416.43515198642706
2023-11-29 23:00:00+01:00,416.3964776179934
2023-11-29 23:10:00+01:00,416.3745880813916
2023-11-29 23:20:00+01:00,416.3618628962268
2023-11-29 23:30:00+01:00,416.3559107601988
2023-11-29 23:40:00+01:00,416.35251755477884
2023-11-29 23:50:00+01:00,416.3506346721354
2023-11-30 00:00:00+01:00,416.34969891676866
2023-11-30 00:10:00+01:00,416.3491439475539
2023-11-30 00:20:00+01:00,416.3488422121058
2023-11-30 00:30:00+01:00,416.34867632296374
2023-11-30 00:40:00+01:00,416.3485873516429
2023-11-30 00:50:00+01:00,416.34853562413423
2023-11-30 01:00:00+01:00,416.3485063199133
2023-11-30 01:10:00+01:00,416.3484904416456
2023-11-30 01:20:00+01:00,416.34848247012474
2023-11-30 01:30:00+01:00,416.34847729299366
2023-11-30 01:40:00+01:00,413.2440888174162
2023-11-30 01:50:00+01:00,411.60662943585254
2023-11-30 02:00:00+01:00,410.6556324549285
2023-11-30 02:10:00+01:00,410.14159625057925
2023-11-30 02:20:00+01:00,409.8665544392564
2023-11-30 02:30:00+01:00,409.7179337580846
2023-11-30 02:40:00+01:00,409.6426161558004
2023-11-30 02:50:00+01:00,409.59898119686295
2023-11-30 03:00:00+01:00,409.57529931388814
2023-11-30 03:10:00+01:00,409.56272988742427
2023-11-30 03:20:00+01:00,409.55594724851727
2023-11-30 03:30:00+01:00,409.55262910982447
2023-11-30 03:40:00+01:00,409.550624693358
2023-11-30 03:50:00+01:00,409.54955559996864
2023-11-30 04:00:00+01:00,409.54898938423867
2023-11-30 04:10:00+01:00,409.5486820647573
2023-11-30 04:20:00+01:00,409.548521421575
2023-11-30 04:30:00+01:00,409.54843406229065
2023-11-30 04:40:00+01:00,409.54838783220595
2023-11-30 04:50:00+01:00,409.54836292590784
2023-11-30 05:00:00+01:00,412.66716631002635
2023-11-30 05:10:00+01:00,414.3883253991582
2023-11-30 05:20:00+01:00,415.3028162237706
2023-11-30 05:30:00+01:00,415.7953163312787
2023-11-30 05:40:00+01:00,416.0548584170927
2023-11-30 05:50:00+01:00,416.1882669610391
2023-11-30 06:00:00+01:00,419.4254288603775
2023-11-30 06:10:00+01:00,424.26544230237323
2023-11-30 06:20:00+01:00,426.93713965858575
2023-11-30 06:30:00+01:00,428.3528434870557
2023-11-30 06:40:00+01:00,425.9064036132227
2023-11-30 06:50:00+01:00,427.8065778330948
2023-11-30 07:00:00+01:00,439.01189721917524
2023-11-30 07:10:00+01:00,444.95001709108004
2023-11-30 07:20:00+01:00,444.90032305683286
2023-11-30 07:30:00+01:00,444.8739888222709
2023-11-30 07:40:00+01:00,448.05655638139757
2023-11-30 07:50:00+01:00,449.7430950239254
2023-11-30 08:00:00+01:00,450.6368178269222
2023-11-30 08:10:00+01:00,471.81006922681286
2023-11-30 08:20:00+01:00,483.0309174361799
2023-11-30 08:30:00+01:00,492.173561538853
2023-11-30 08:40:00+01:00,500.36704183466657
2023-11-30 08:50:00+01:00,505.0134270713314
2023-11-30 09:00:00+01:00,503.82487431691453
2023-11-30 09:10:00+01:00,499.99576597184057
2023-11-30 09:20:00+01:00,494.7734410697903
2023-11-30 09:30:00+01:00,488.8070268867029
2023-11-30 09:40:00+01:00,535.1028636878802
2023-11-30 09:50:00+01:00,595.4091763672376
2023-11-30 10:00:00+01:00,640.1573269675984
2023-11-30 10:10:00+01:00,657.635086714075
2023-11-30 10:20:00+01:00,650.7658822845872
2023-11-30 10:30:00+01:00,627.1876607945657
2023-11-30 10:40:00+01:00,598.1021119972107
2023-11-30 10:50:00+01:00,579.3386715765715
2023-11-30 11:00:00+01:00,566.1980681089506
2023-11-30 11:10:00+01:00,640.7284027917668
2023-11-30 11:20:00+01:00,661.8816241492312
2023-11-30 11:30:00+01:00,746.5812835310969
2023-11-30 11:40:00+01:00,787.0891955229167
2023-11-30 11:50:00+01:00,783.7865592502717
2023-11-30 12:00:00+01:00,801.3374222532552
2023-11-30 12:10:00+01:00,781.7117526341717
2023-11-30 12:20:00+01:00,782.6479425285083
2023-11-30 12:30:00+01:00,811.4311351254966
2023-11-30 12:40:00+01:00,775.6631922107366
2023-11-30 12:50:00+01:00,755.5641837048552
2023-11-30 13:00:00+01:00,736.4724289110831
2023-11-30 13:10:00+01:00,687.7239959920886
2023-11-30 13:20:00+01:00,638.6763586956288
2023-11-30 13:30:00+01:00,599.8605809634257
2023-11-30 13:40:00+01:00,569.6440894384549
2023-11-30 13:50:00+01:00,543.8713453503525
2023-11-30 14:00:00+01:00,530.3695262089697
2023-11-30 14:10:00+01:00,523.211815531953
2023-11-30 14:20:00+01:00,516.2119723724632
2023-11-30 14:30:00+01:00,512.5018187613689
2023-11-30 14:40:00+01:00,513.894570281755
2023-11-30 14:50:00+01:00,514.6327438584924
2023-11-30 15:00:00+01:00,511.6647733770237
2023-11-30 15:10:00+01:00,506.8851938113918
2023-11-30 15:20:00+01:00,520.3845036202073
2023-11-30 15:30:00+01:00,517.9198227530537
2023-11-30 15:40:00+01:00,510.2006076903917
2023-11-30 15:50:00+01:00,502.90292367026785
2023-11-30 16:00:00+01:00,495.8286354576295
2023-11-30 16:10:00+01:00,488.8727804190812
2023-11-30 16:20:00+01:00,478.6206816484558
2023-11-30 16:30:00+01:00,469.9803828256536
2023-11-30 16:40:00+01:00,465.40044862026997
2023-11-30 16:50:00+01:00,459.7666336576523
2023-11-30 17:00:00+01:00,456.7807616830276
2023-11-30 17:10:00+01:00,455.1979998260068
2023-11-30 17:20:00+01:00,451.15309978846824
2023-11-30 17:30:00+01:00,449.0088537849033
2023-11-30 17:40:00+01:00,447.87223141113776
2023-11-30 17:50:00+01:00,443.90971801672083
2023-11-30 18:00:00+01:00,441.80935389375736
2023-11-30 18:10:00+01:00,440.6972049285539
2023-11-30 18:20:00+01:00,436.4437704703358
2023-11-30 18:30:00+01:00,434.1892313590497
2023-11-30 18:40:00+01:00,432.9935185576552
2023-11-30 18:50:00+01:00,429.0000524645213
2023-11-30 19:00:00+01:00,426.88380926072546
2023-11-30 19:10:00+01:00,425.7622762362386
2023-11-30 19:20:00+01:00,425.16799524630864
2023-11-30 19:30:00+01:00,424.85307775581504
2023-11-30 19:40:00+01:00,421.47898727000205
2023-11-30 19:50:00+01:00,419.6899771325513
2023-11-30 20:00:00+01:00,418.74119524601997
2023-11-30 20:10:00+01:00,418.238890024525
2023-11-30 20:20:00+01:00,417.9733648224217
2023-11-30 20:30:00+01:00,417.83348442699634
2023-11-30 20:40:00+01:00,417.7593834931123
2023-11-30 20:50:00+01:00,417.72124387340796
2023-11-30 21:00:00+01:00,417.70070145086305
2023-11-30 21:10:00+01:00,417.6889555159886
2023-11-30 21:20:00+01:00,417.6826971953866
2023-11-30 21:30:00+01:00,417.6793562077771
2023-11-30 21:40:00+01:00,417.677623830633
2023-11-30 21:50:00+01:00,417.67669504280457
2023-11-30 22:00:00+01:00,417.6762067597157
2023-11-30 22:10:00+01:00,417.67591972130555
2023-11-30 22:20:00+01:00,414.50211541375506
2023-11-30 22:30:00+01:00,412.8049586320541
2023-11-30 22:40:00+01:00,411.8889690367168
2023-11-30 22:50:00+01:00,411.43044666186466
2023-11-30 23:00:00+01:00,411.1611327824459
2023-11-30 23:10:00+01:00,411.0188339094035
2023-11-30 23:20:00+01:00,410.94658014097445
2023-11-30 23:30:00+01:00,410.90434725103455
2023-11-30 23:40:00+01:00,410.8809160716398
2023-11-30 23:50:00+01:00,410.8693017776939
2023-12-01 00:00:00+01:00,410.86206737800444
2023-12-01 00:10:00+01:00,410.8579849020342
2023-12-01 00:20:00+01:00,410.8557429262663
2023-12-01 00:30:00+01:00,410.8545249983841
2023-12-01 00:40:00+01:00,410.85396628272804
2023-12-01 00:50:00+01:00,410.8535556357134
2023-12-01 01:00:00+01:00,410.85332197400203
2023-12-01 01:10:00+01:00,410.8531917038279
2023-12-01 01:20:00+01:00,410.8531198062614
2023-12-01 01:30:00+01:00,410.85307935991165
2023-12-01 01:40:00+01:00,410.85305748354045
2023-12-01 01:50:00+01:00,410.85304564142837
2023-12-01 02:00:00+01:00,410.85303957365494
2023-12-01 02:10:00+01:00,410.85303623793493
2023-12-01 02:20:00+01:00,410.8530343825437
2023-12-01 02:30:00+01:00,410.8530333909602
2023-12-01 02:40:00+01:00,410.8530328676952
2023-12-01 02:50:00+01:00,410.85303259368834
2023-12-01 03:00:00+01:00,410.85303243974676
2023-12-01 03:10:00+01:00,410.8530323577828
2023-12-01 03:20:00+01:00,410.85303231421994
2023-12-01 03:30:00+01:00,410.85303229048645
2023-12-01 03:40:00+01:00,410.85303227892126
2023-12-01 03:50:00+01:00,410.8530322718148
2023-12-01 04:00:00+01:00,410.8530322680207
2023-12-01 04:10:00+01:00,410.85303226602315
2023-12-01 04:20:00+01:00,410.8530322649434
2023-12-01 04:30:00+01:00,410.8530322643795
2023-12-01 04:40:00+01:00,410.8530322640725
2023-12-01 04:50:00+01:00,410.8530322639081
2023-12-01 05:00:00+01:00,410.85303226383337
2023-12-01 05:10:00+01:00,417.7175274939726
2023-12-01 05:20:00+01:00,421.27894547395107
2023-12-01 05:30:00+01:00,426.3962127760382
2023-12-01 05:40:00+01:00,429.1639076988177
2023-12-01 05:50:00+01:00,430.6044698652373
2023-12-01 06:00:00+01:00,431.3444475536767
2023-12-01 06:10:00+01:00,431.7705811009542
2023-12-01 06:20:00+01:00,432.0172318681629
2023-12-01 06:30:00+01:00,432.14793321205485
2023-12-01 06:40:00+01:00,432.217192844467
2023-12-01 06:50:00+01:00,439.2788170220633
2023-12-01 07:00:00+01:00,439.50855923550597
2023-12-01 07:10:00+01:00,439.63030962156483
2023-12-01 07:20:00+01:00,442.90190307516593
2023-12-01 07:30:00+01:00,444.6356067295147
2023-12-01 07:40:00+01:00,445.554344829337
2023-12-01 07:50:00+01:00,449.24815193193695
2023-12-01 08:00:00+01:00,451.205638184417
2023-12-01 08:10:00+01:00,455.44980115898204
2023-12-01 08:20:00+01:00,464.8759706473932
2023-12-01 08:30:00+01:00,476.2846598370782
2023-12-01 08:40:00+01:00,485.5375477686457
2023-12-01 08:50:00+01:00,490.44098966266023
2023-12-01 09:00:00+01:00,489.83421294464074
2023-12-01 09:10:00+01:00,489.5119515949698
2023-12-01 09:20:00+01:00,489.34171140713005
2023-12-01 09:30:00+01:00,486.04384440879244
2023-12-01 09:40:00+01:00,481.09114626076234
2023-12-01 09:50:00+01:00,481.97736333523073
2023-12-01 10:00:00+01:00,482.44710692364157
2023-12-01 10:10:00+01:00,489.5671692671549
2023-12-01 10:20:00+01:00,517.6188656861016
2023-12-01 10:30:00+01:00,542.1060099307797
2023-12-01 10:40:00+01:00,572.1863142736809
2023-12-01 10:50:00+01:00,601.2610400681236
2023-12-01 11:00:00+01:00,630.2609091429284
2023-12-01 11:10:00+01:00,662.2748844004334
2023-12-01 11:20:00+01:00,689.0148034667818
2023-12-01 11:30:00+01:00,701.7594884735814
2023-12-01 11:40:00+01:00,708.219065018991
2023-12-01 11:50:00+01:00,715.5543021521719
2023-12-01 12:00:00+01:00,716.8453271455838
2023-12-01 12:10:00+01:00,719.0666857437122
2023-12-01 12:20:00+01:00,681.9459331004393
2023-12-01 12:30:00+01:00,633.3977808383363
2023-12-01 12:40:00+01:00,600.677542584713
2023-12-01 12:50:00+01:00,580.145097696628
2023-12-01 13:00:00+01:00,562.7274391121255
2023-12-01 13:10:00+01:00,550.3051135469337
2023-12-01 13:20:00+01:00,537.3398156346524
2023-12-01 13:30:00+01:00,527.2733400182748
2023-12-01 13:40:00+01:00,521.9383631600512
2023-12-01 13:50:00+01:00,515.9068277062541
2023-12-01 14:00:00+01:00,509.5316608698545
2023-12-01 14:10:00+01:00,506.1525821846223
2023-12-01 14:20:00+01:00,501.1732280387822
2023-12-01 14:30:00+01:00,498.5330440399108
2023-12-01 14:40:00+01:00,497.1335537316738
2023-12-01 14:50:00+01:00,493.2006554171417
2023-12-01 15:00:00+01:00,487.7729524236562
2023-12-01 15:10:00+01:00,481.40060555966187
2023-12-01 15:20:00+01:00,478.0231839814469
2023-12-01 15:30:00+01:00,476.2331274458735
2023-12-01 15:40:00+01:00,475.28439024736855
2023-12-01 15:50:00+01:00,471.28650923480103
2023-12-01 16:00:00+01:00,469.16750600549045
2023-12-01 16:10:00+01:00,471.3875125438494
2023-12-01 16:20:00+01:00,472.5641705248756
2023-12-01 16:30:00+01:00,469.99660244809223
2023-12-01 16:40:00+01:00,468.63572923624145
2023-12-01 16:50:00+01:00,471.10563469796523
2023-12-01 17:00:00+01:00,495.35915459322473
2023-12-01 17:10:00+01:00,508.22315541433636
2023-12-01 17:20:00+01:00,505.4600296771933
2023-12-01 17:30:00+01:00,503.99522311178794
2023-12-01 17:40:00+01:00,514.0135297896347
2023-12-01 17:50:00+01:00,532.4119604447005
2023-12-01 18:00:00+01:00,549.4452698433504
2023-12-01 18:10:00+01:00,578.0719494433782
2023-12-01 18:20:00+01:00,589.901115118942
2023-12-01 18:30:00+01:00,599.5063317589885
2023-12-01 18:40:00+01:00,607.788451677543
2023-12-01 18:50:00+01:00,605.4935805461597
2023-12-01 19:00:00+01:00,607.6198054786385
2023-12-01 19:10:00+01:00,638.8340910995003
2023-12-01 19:20:00+01:00,665.1120131855142
2023-12-01 19:30:00+01:00,675.6928629220881
2023-12-01 19:40:00+01:00,681.2987487837539
2023-12-01 19:50:00+01:00,687.4653658304438
2023-12-01 20:00:00+01:00,690.7338277162071
2023-12-01 20:10:00+01:00,698.8457989446465
2023-12-01 20:20:00+01:00,709.5443924340287
2023-12-01 20:30:00+01:00,708.8121340132043
2023-12-01 20:40:00+01:00,708.4323315486135
2023-12-01 20:50:00+01:00,718.5672451491117
2023-12-01 21:00:00+01:00,723.8507885725273
2023-12-01 21:10:00+01:00,726.5557904011087
2023-12-01 21:20:00+01:00,724.8504718876163
2023-12-01 21:30:00+01:00,714.3641162880451
2023-12-01 21:40:00+01:00,705.652191923078
2023-12-01 21:50:00+01:00,701.1036714739449
2023-12-01 22:00:00+01:00,695.4293570738408
2023-12-01 22:10:00+01:00,689.2311886428403
2023-12-01 22:20:00+01:00,682.7175276375481
2023-12-01 22:30:00+01:00,679.3284256816892
2023-12-01 22:40:00+01:00,681.3074907158996
2023-12-01 22:50:00+01:00,682.3924336675759
2023-12-01 23:00:00+01:00,690.1765410737347
2023-12-01 23:10:00+01:00,694.2709336286836
2023-12-01 23:20:00+01:00,696.6977365917681
2023-12-01 23:30:00+01:00,698.1305315441931
2023-12-01 23:40:00+01:00,698.7485841112668
2023-12-01 23:50:00+01:00,702.3079171716622
2023-12-02 00:00:00+01:00,708.1052732573063
2023-12-02 00:10:00+01:00,708.0561795422949
2023-12-02 00:20:00+01:00,704.9059749697759
2023-12-02 00:30:00+01:00,693.5330193926977
2023-12-02 00:40:00+01:00,674.6326942370807
2023-12-02 00:50:00+01:00,654.9018455006996
2023-12-02 01:00:00+01:00,628.4870448514205
2023-12-02 01:10:00+01:00,607.5026738115151
2023-12-02 01:20:00+01:00,586.8891714095249
2023-12-02 01:30:00+01:00,569.5819756332783
2023-12-02 01:40:00+01:00,553.9454578710294
2023-12-02 01:50:00+01:00,539.2457239135225
2023-12-02 02:00:00+01:00,524.9803948865225
2023-12-02 02:10:00+01:00,513.7487850941549
2023-12-02 02:20:00+01:00,504.40822472274374
2023-12-02 02:30:00+01:00,492.98622357345903
2023-12-02 02:40:00+01:00,486.6954515217442
2023-12-02 02:50:00+01:00,480.54141200801706
2023-12-02 03:00:00+01:00,474.13138434470534
2023-12-02 03:10:00+01:00,467.54189094554823
2023-12-02 03:20:00+01:00,464.0350372554601
2023-12-02 03:30:00+01:00,458.95605387478906
2023-12-02 03:40:00+01:00,453.10221307342493
2023-12-02 03:50:00+01:00,449.997274255522
2023-12-02 04:00:00+01:00,445.1583918456927
2023-12-02 04:10:00+01:00,442.66651997586297
2023-12-02 04:20:00+01:00,441.28106847364984
2023-12-02 04:30:00+01:00,437.39354031335995
2023-12-02 04:40:00+01:00,435.3418878912465
2023-12-02 04:50:00+01:00,437.42968297436727
2023-12-02 05:00:00+01:00,438.5867275956949
2023-12-02 05:10:00+01:00,452.6548891343437
2023-12-02 05:20:00+01:00,466.6723098995949
2023-12-02 05:30:00+01:00,470.66328779304894
2023-12-02 05:40:00+01:00,469.6237622537888
2023-12-02 05:50:00+01:00,465.7196211035888
2023-12-02 06:00:00+01:00,460.46965159078184
2023-12-02 06:10:00+01:00,454.4981731691451
2023-12-02 06:20:00+01:00,451.3026081961028
2023-12-02 06:30:00+01:00,446.4173527735677
2023-12-02 06:40:00+01:00,443.82867392866115
2023-12-02 06:50:00+01:00,439.26498067538967
2023-12-02 07:00:00+01:00,436.8465419491407
2023-12-02 07:10:00+01:00,435.5649198325692
2023-12-02 07:20:00+01:00,434.88574308519736
2023-12-02 07:30:00+01:00,431.33400371702203
2023-12-02 07:40:00+01:00,429.4518106115839
2023-12-02 07:50:00+01:00,428.45434558943003
2023-12-02 08:00:00+01:00,427.9257591554075
2023-12-02 08:10:00+01:00,427.64564536569753
2023-12-02 08:20:00+01:00,427.49720342254113
2023-12-02 08:30:00+01:00,430.6101290171848
2023-12-02 08:40:00+01:00,438.6428956274956
2023-12-02 08:50:00+01:00,446.0914706934238
2023-12-02 09:00:00+01:00,450.0392061423372
2023-12-02 09:10:00+01:00,448.9400280166983
2023-12-02 09:20:00+01:00,448.35734921640164
2023-12-02 09:30:00+01:00,444.85691747864854
2023-12-02 09:40:00+01:00,443.0002835470801
2023-12-02 09:50:00+01:00,438.82390326594196
2023-12-02 10:00:00+01:00,436.61269827522267
2023-12-02 10:10:00+01:00,435.44061799469375
2023-12-02 10:20:00+01:00,434.81967593099466
2023-12-02 10:30:00+01:00,434.490714249939
2023-12-02 10:40:00+01:00,434.3165427141485
2023-12-02 10:50:00+01:00,437.71885589475363
2023-12-02 11:00:00+01:00,443.1691627338979
2023-12-02 11:10:00+01:00,446.0588514096282
2023-12-02 11:20:00+01:00,450.78186295629297
2023-12-02 11:30:00+01:00,453.2849554847024
2023-12-02 11:40:00+01:00,454.61153907446345
2023-12-02 11:50:00+01:00,455.31459870688764
2023-12-02 12:00:00+01:00,462.6782268613051
2023-12-02 12:10:00+01:00,469.7722260355407
2023-12-02 12:20:00+01:00,473.5317871863323
2023-12-02 12:30:00+01:00,475.5243506398967
2023-12-02 12:40:00+01:00,473.38893594627143
2023-12-02 12:50:00+01:00,469.0657596448526
2023-12-02 13:00:00+01:00,463.5831252170116
2023-12-02 13:10:00+01:00,457.4866403009778
2023-12-02 13:20:00+01:00,451.0651014985101
2023-12-02 13:30:00+01:00,447.65821726079923
2023-12-02 13:40:00+01:00,442.6617426711499
2023-12-02 13:50:00+01:00,440.0082784525183
2023-12-02 14:00:00+01:00,435.2641794235578
2023-12-02 14:10:00+01:00,432.74911887944836
2023-12-02 14:20:00+01:00,431.41847568187524
2023-12-02 14:30:00+01:00,430.71288454702403
2023-12-02 14:40:00+01:00,430.33879055766306
2023-12-02 14:50:00+01:00,430.1404368936983
2023-12-02 15:00:00+01:00,426.84443277335623
2023-12-02 15:10:00+01:00,425.0969586275467
2023-12-02 15:20:00+01:00,424.17079298898125
2023-12-02 15:30:00+01:00,423.67992861916986
2023-12-02 15:40:00+01:00,423.41977304003075
2023-12-02 15:50:00+01:00,420.09050715929965
2023-12-02 16:00:00+01:00,421.51731795930027
2023-12-02 16:10:00+01:00,422.2735529556044
2023-12-02 16:20:00+01:00,425.865603182549
2023-12-02 16:30:00+01:00,427.7694773318544
2023-12-02 16:40:00+01:00,425.5873417573701
2023-12-02 16:50:00+01:00,424.430824942917
2023-12-02 17:00:00+01:00,423.8178373847039
2023-12-02 17:10:00+01:00,423.4927079569476
2023-12-02 17:20:00+01:00,423.32048357670595
2023-12-02 17:30:00+01:00,420.0366788417062
2023-12-02 17:40:00+01:00,418.2968528180934
2023-12-02 17:50:00+01:00,417.3752203448939
2023-12-02 18:00:00+01:00,416.88672071540486
2023-12-02 18:10:00+01:00,416.6278982270202
2023-12-02 18:20:00+01:00,416.49083459880575
2023-12-02 18:30:00+01:00,416.4181748008433
2023-12-02 18:40:00+01:00,416.37963083751157
2023-12-02 18:50:00+01:00,416.35921362467025
2023-12-02 19:00:00+01:00,416.3483983813222
2023-12-02 19:10:00+01:00,416.3426719056524
2023-12-02 19:20:00+01:00,416.33964081369925
2023-12-02 19:30:00+01:00,416.33803459692626
2023-12-02 19:40:00+01:00,416.3371834592222
2023-12-02 19:50:00+01:00,416.3367322233333
2023-12-02 20:00:00+01:00,416.3364928320209
2023-12-02 20:10:00+01:00,416.3363657219083
2023-12-02 20:20:00+01:00,416.3362988404269
2023-12-02 20:30:00+01:00,416.3362632360922
2023-12-02 20:40:00+01:00,416.33624451543255
2023-12-02 20:50:00+01:00,416.3362348000828
2023-12-02 21:00:00+01:00,416.3362299960985
2023-12-02 21:10:00+01:00,416.3362274339449
2023-12-02 21:20:00+01:00,416.33622596936186
2023-12-02 21:30:00+01:00,416.33622513988274
2023-12-02 21:40:00+01:00,416.33622460380315
2023-12-02 21:50:00+01:00,416.3362243189876
2023-12-02 22:00:00+01:00,416.3362241643539
2023-12-02 22:10:00+01:00,416.33622408126325
2023-12-02 22:20:00+01:00,416.336224037325
2023-12-02 22:30:00+01:00,416.3362240142712
2023-12-02 22:40:00+01:00,416.3362240005934
2023-12-02 22:50:00+01:00,416.3362239928944
2023-12-02 23:00:00+01:00,416.3362239890894
2023-12-02 23:10:00+01:00,416.33622398685844
2023-12-02 23:20:00+01:00,416.33622398486045
2023-12-02 23:30:00+01:00,416.33622398373456
2023-12-02 23:40:00+01:00,416.33622398311235
2023-12-02 23:50:00+01:00,416.3362239827643
2023-12-03 00:00:00+01:00,416.33622398256813
2023-12-03 00:10:00+01:00,416.3362239824669
2023-12-03 00:20:00+01:00,416.3362239824052
2023-12-03 00:30:00+01:00,416.33622398237003
2023-12-03 00:40:00+01:00,416.33622398235076
2023-12-03 00:50:00+01:00,416.33622398234047
2023-12-03 01:00:00+01:00,416.33622398233433
2023-12-03 01:10:00+01:00,416.33622398233075
2023-12-03 01:20:00+01:00,416.3362239823288
2023-12-03 01:30:00+01:00,416.3362239823276
2023-12-03 01:40:00+01:00,416.33622398232706
2023-12-03 01:50:00+01:00,416.3362239823266
2023-12-03 02:00:00+01:00,416.33622398232643
2023-12-03 02:10:00+01:00,416.3362239823263
2023-12-03 02:20:00+01:00,416.3362239823262
2023-12-03 02:30:00+01:00,416.3362239823262
2023-12-03 02:40:00+01:00,416.3362239823262
2023-12-03 02:50:00+01:00,416.3362239823262
2023-12-03 03:00:00+01:00,416.3362239823262
2023-12-03 03:10:00+01:00,416.3362239823262
2023-12-03 03:20:00+01:00,416.3362239823262
2023-12-03 03:30:00+01:00,416.3362239823262
2023-12-03 03:40:00+01:00,416.3362239823262
2023-12-03 03:50:00+01:00,416.3362239823262
2023-12-03 04:00:00+01:00,419.49907291107394
2023-12-03 04:10:00+01:00,418.0997592193867
2023-12-03 04:20:00+01:00,417.3266511678383
2023-12-03 04:30:00+01:00,420.0169848470878
2023-12-03 04:40:00+01:00,421.4153531058255
2023-12-03 04:50:00+01:00,422.16600899191445
2023-12-03 05:00:00+01:00,422.58244115584546
2023-12-03 05:10:00+01:00,426.4662914975975
2023-12-03 05:20:00+01:00,428.44660497020715
2023-12-03 05:30:00+01:00,429.5374627264126
2023-12-03 05:40:00+01:00,430.13781303388265
2023-12-03 05:50:00+01:00,430.6052292140529
2023-12-03 06:00:00+01:00,434.05606754266955
2023-12-03 06:10:00+01:00,435.844362064176
2023-12-03 06:20:00+01:00,436.85780581509385
2023-12-03 06:30:00+01:00,434.2027895325425
2023-12-03 06:40:00+01:00,432.795903562886
2023-12-03 06:50:00+01:00,432.05040304265793
2023-12-03 07:00:00+01:00,431.6553424779452
2023-12-03 07:10:00+01:00,431.4459858013845
2023-12-03 07:20:00+01:00,431.3350391461228
2023-12-03 07:30:00+01:00,431.27624549511256
2023-12-03 07:40:00+01:00,431.2450890563449
2023-12-03 07:50:00+01:00,431.22857831807835
2023-12-03 08:00:00+01:00,431.2198290947041
2023-12-03 08:10:00+01:00,434.4067063990564
2023-12-03 08:20:00+01:00,436.0956163194382
2023-12-03 08:30:00+01:00,440.18173910196793
2023-12-03 08:40:00+01:00,445.6899505514587
2023-12-03 08:50:00+01:00,448.6095481068543
2023-12-03 09:00:00+01:00,450.1573816014802
2023-12-03 09:10:00+01:00,450.9779507257139
2023-12-03 09:20:00+01:00,448.2224899460846
2023-12-03 09:30:00+01:00,446.7615093583339
2023-12-03 09:40:00+01:00,445.98707518125013
2023-12-03 09:50:00+01:00,445.57660272475863
2023-12-03 10:00:00+01:00,445.35903077385393
2023-12-03 10:10:00+01:00,445.0917447821118
2023-12-03 10:20:00+01:00,445.10205770013926
2023-12-03 10:30:00+01:00,445.1075232568266
2023-12-03 10:40:00+01:00,445.1104207221741
2023-12-03 10:50:00+01:00,445.11195590914554
2023-12-03 11:00:00+01:00,451.4959825703319
2023-12-03 11:10:00+01:00,454.8786546567658
2023-12-03 11:20:00+01:00,456.67244977599177
2023-12-03 11:30:00+01:00,457.6227303136093
2023-12-03 11:40:00+01:00,454.9345179421355
2023-12-03 11:50:00+01:00,456.7020718862722
2023-12-03 12:00:00+01:00,464.02023440998886
2023-12-03 12:10:00+01:00,467.89923690879283
2023-12-03 12:20:00+01:00,469.9554621316407
2023-12-03 12:30:00+01:00,471.0457341395388
2023-12-03 12:40:00+01:00,465.23862347399887
2023-12-03 12:50:00+01:00,462.1611273780035
2023-12-03 13:00:00+01:00,457.33780782094914
2023-12-03 13:10:00+01:00,451.59358151906366
2023-12-03 13:20:00+01:00,448.54862821872655
2023-12-03 13:30:00+01:00,446.93403936633945
2023-12-03 13:40:00+01:00,442.88749105232404
2023-12-03 13:50:00+01:00,440.74082731289707
2023-12-03 14:00:00+01:00,439.60389539129085
2023-12-03 14:10:00+01:00,435.65839445254153
2023-12-03 14:20:00+01:00,436.75920644875254
2023-12-03 14:30:00+01:00,437.34254714495785
2023-12-03 14:40:00+01:00,437.65169084663324
2023-12-03 14:50:00+01:00,434.6237124959662
2023-12-03 15:00:00+01:00,433.01790843248847
2023-12-03 15:10:00+01:00,432.16742269446263
2023-12-03 15:20:00+01:00,431.7170926336208
2023-12-03 15:30:00+01:00,431.47871373666675
2023-12-03 15:40:00+01:00,431.3523124209828
2023-12-03 15:50:00+01:00,431.28529193455796
2023-12-03 16:00:00+01:00,428.0562070649427
2023-12-03 16:10:00+01:00,426.49822604239256
2023-12-03 16:20:00+01:00,425.67287732769313
2023-12-03 16:30:00+01:00,425.2359395905099
2023-12-03 16:40:00+01:00,425.00434445576246
2023-12-03 16:50:00+01:00,424.8815868845841
2023-12-03 17:00:00+01:00,424.8164920386224
2023-12-03 17:10:00+01:00,424.7820160408583
2023-12-03 17:20:00+01:00,424.763739010282
2023-12-03 17:30:00+01:00,424.75405295142286
2023-12-03 17:40:00+01:00,424.748917306882
2023-12-03 17:50:00+01:00,424.7461961908399
2023-12-03 18:00:00+01:00,424.7447550071848
2023-12-03 18:10:00+01:00,424.7439923958092
2023-12-03 18:20:00+01:00,424.7435881786407
2023-12-03 18:30:00+01:00,424.7433738634289
2023-12-03 18:40:00+01:00,424.743260311181
2023-12-03 18:50:00+01:00,424.7432001221301
2023-12-03 19:00:00+01:00,424.74316822247823
2023-12-03 19:10:00+01:00,424.743151316409
2023-12-03 19:20:00+01:00,424.7431423550554
2023-12-03 19:30:00+01:00,424.7431376063002
2023-12-03 19:40:00+01:00,424.74313508991287
2023-12-03 19:50:00+01:00,424.7431337551382
2023-12-03 20:00:00+01:00,424.74313304786074
2023-12-03 20:10:00+01:00,424.74313267263494
2023-12-03 20:20:00+01:00,421.545020207898
2023-12-03 20:30:00+01:00,419.8598860952334
2023-12-03 20:40:00+01:00,418.95814704771976
2023-12-03 20:50:00+01:00,418.48046631930936
2023-12-03 21:00:00+01:00,418.2151094721535
2023-12-03 21:10:00+01:00,418.0931784089946
2023-12-03 21:20:00+01:00,418.03170477025486
2023-12-03 21:30:00+01:00,417.9953925196907
2023-12-03 21:40:00+01:00,417.9747307618575
2023-12-03 21:50:00+01:00,417.9651362452733
2023-12-03 22:00:00+01:00,417.9595372283847
2023-12-03 22:10:00+01:00,417.9566345629786
2023-12-03 22:20:00+01:00,417.95504714362306
2023-12-03 22:30:00+01:00,417.9541380775558
2023-12-03 22:40:00+01:00,417.95362020695546
2023-12-03 22:50:00+01:00,417.9533252177898
2023-12-03 23:00:00+01:00,417.9531490279525
2023-12-03 23:10:00+01:00,417.95305244193463
2023-12-03 23:20:00+01:00,417.9529989790454
2023-12-03 23:30:00+01:00,417.9529689380561
2023-12-03 23:40:00+01:00,417.95295179516467
2023-12-03 23:50:00+01:00,417.95294185787156
2023-12-04 00:00:00+01:00,417.95293600814074
2023-12-04 00:10:00+01:00,417.9529321566038
2023-12-04 00:20:00+01:00,417.95292995807625
2023-12-04 00:30:00+01:00,417.95292872348483
2023-12-04 00:40:00+01:00,417.9529280295451
2023-12-04 00:50:00+01:00,414.7906101161934
2023-12-04 01:00:00+01:00,416.33642415669004
2023-12-04 01:10:00+01:00,417.24308126190175
2023-12-04 01:20:00+01:00,417.84165320317015
2023-12-04 01:30:00+01:00,418.1165667996538
2023-12-04 01:40:00+01:00,418.2985342832496
2023-12-04 01:50:00+01:00,418.3388380910925
2023-12-04 02:00:00+01:00,414.8392269266778
2023-12-04 02:10:00+01:00,413.025477328495
2023-12-04 02:20:00+01:00,412.0579945022222
2023-12-04 02:30:00+01:00,414.6429440172431
2023-12-04 02:40:00+01:00,412.89527047701176
2023-12-04 02:50:00+01:00,411.9865524887591
2023-12-04 03:00:00+01:00,411.4940633279124
2023-12-04 03:10:00+01:00,411.20734434310265
2023-12-04 03:20:00+01:00,411.04723737413195
2023-12-04 03:30:00+01:00,410.960754543045
2023-12-04 03:40:00+01:00,410.91376727381777
2023-12-04 03:50:00+01:00,410.8822844681101
2023-12-04 04:00:00+01:00,410.8637071758742
2023-12-04 04:10:00+01:00,410.8529299346387
2023-12-04 04:20:00+01:00,410.84745766460566
2023-12-04 04:30:00+01:00,410.8439239535505
2023-12-04 04:40:00+01:00,410.84189607257224
2023-12-04 04:50:00+01:00,414.0158044273025
2023-12-04 05:00:00+01:00,415.61648168143205
2023-12-04 05:10:00+01:00,419.6423421414502
2023-12-04 05:20:00+01:00,421.81228260439957
2023-12-04 05:30:00+01:00,426.5127935266127
2023-12-04 05:40:00+01:00,428.9322415762773
2023-12-04 05:50:00+01:00,433.4790691812054
2023-12-04 06:00:00+01:00,436.02025480160785
2023-12-04 06:10:00+01:00,437.18139711971145
2023-12-04 06:20:00+01:00,434.5263217675831
2023-12-04 06:30:00+01:00,433.1192597807272
2023-12-04 06:40:00+01:00,442.55711430127303
2023-12-04 06:50:00+01:00,447.5586696419184
2023-12-04 07:00:00+01:00,453.4009703432063
2023-12-04 07:10:00+01:00,463.4886092437735
2023-12-04 07:20:00+01:00,465.64260450826384
2023-12-04 07:30:00+01:00,466.7840876920237
2023-12-04 07:40:00+01:00,470.73274416975926
2023-12-04 07:50:00+01:00,472.82538739376236
2023-12-04 08:00:00+01:00,473.9343454263453
2023-12-04 08:10:00+01:00,477.71384781557975
2023-12-04 08:20:00+01:00,482.90854311279037
2023-12-04 08:30:00+01:00,495.38788104508626
2023-12-04 08:40:00+01:00,531.9407730288189
2023-12-04 08:50:00+01:00,575.020131207325
2023-12-04 09:00:00+01:00,624.7512987463215
2023-12-04 09:10:00+01:00,635.1530735409382
2023-12-04 09:20:00+01:00,638.690028018217
2023-12-04 09:30:00+01:00,634.029172112993
2023-12-04 09:40:00+01:00,634.9017024295241
2023-12-04 09:50:00+01:00,653.2969840672275
2023-12-04 10:00:00+01:00,679.7638468932435
2023-12-04 10:10:00+01:00,664.3083589093703
2023-12-04 10:20:00+01:00,639.4000188568598
2023-12-04 10:30:00+01:00,609.6337757678301
2023-12-04 10:40:00+01:00,584.1317740012263
2023-12-04 10:50:00+01:00,567.4244685832074
2023-12-04 11:00:00+01:00,555.3775506610866
2023-12-04 11:10:00+01:00,548.9928536126604
2023-12-04 11:20:00+01:00,542.4176650112531
2023-12-04 11:30:00+01:00,545.3154064660179
2023-12-04 11:40:00+01:00,546.8511504546519
2023-12-04 11:50:00+01:00,561.4930319239714
2023-12-04 12:00:00+01:00,586.1206787566647
2023-12-04 12:10:00+01:00,616.0408349651292
2023-12-04 12:20:00+01:00,632.3565637864561
2023-12-04 12:30:00+01:00,630.6720940618526
2023-12-04 12:40:00+01:00,618.8386430365556
2023-12-04 12:50:00+01:00,602.5377090009966
2023-12-04 13:00:00+01:00,583.7203849936211
2023-12-04 13:10:00+01:00,567.1953297225433
2023-12-04 13:20:00+01:00,555.2533901365733
2023-12-04 13:30:00+01:00,545.7786942792908
2023-12-04 13:40:00+01:00,534.176143295119
2023-12-04 13:50:00+01:00,524.841526647203
2023-12-04 14:00:00+01:00,520.0441946003762
2023-12-04 14:10:00+01:00,514.1593055238636
2023-12-04 14:20:00+01:00,511.03871578146465
2023-12-04 14:30:00+01:00,512.7274972077737
2023-12-04 14:40:00+01:00,513.6226627941452
2023-12-04 14:50:00+01:00,507.715048971926
2023-12-04 15:00:00+01:00,501.240690480443
2023-12-04 15:10:00+01:00,494.1615278691683
2023-12-04 15:20:00+01:00,487.06620955797365
2023-12-04 15:30:00+01:00,480.11426387178307
2023-12-04 15:40:00+01:00,473.23832055589395
2023-12-04 15:50:00+01:00,466.4026630289373
2023-12-04 16:00:00+01:00,462.7796917876136
2023-12-04 16:10:00+01:00,457.6687028630863
2023-12-04 16:20:00+01:00,454.95947644323337
2023-12-04 16:30:00+01:00,450.3323968532688
2023-12-04 16:40:00+01:00,447.8798573286963
2023-12-04 16:50:00+01:00,446.5800080831443
2023-12-04 17:00:00+01:00,442.70025713218797
2023-12-04 17:10:00+01:00,440.64351775944596
2023-12-04 17:20:00+01:00,439.55328937889084
2023-12-04 17:30:00+01:00,438.9753863619036
2023-12-04 17:40:00+01:00,438.66905407973104
2023-12-04 17:50:00+01:00,438.50667758914165
2023-12-04 18:00:00+01:00,438.4205709717071
2023-12-04 18:10:00+01:00,438.22304805106523
2023-12-04 18:20:00+01:00,434.9261661106512
2023-12-04 18:30:00+01:00,433.1794139675359
2023-12-04 18:40:00+01:00,432.2536466499082
2023-12-04 18:50:00+01:00,431.76305854708625
2023-12-04 19:00:00+01:00,431.50307765936054
2023-12-04 19:10:00+01:00,431.3652148644592
2023-12-04 19:20:00+01:00,431.2922335410752
2023-12-04 19:30:00+01:00,428.06159365750506
2023-12-04 19:40:00+01:00,426.34960956399175
2023-12-04 19:50:00+01:00,425.4418046551844
2023-12-04 20:00:00+01:00,424.96045969193386
2023-12-04 20:10:00+01:00,424.7059900881381
2023-12-04 20:20:00+01:00,424.5708318719569
2023-12-04 20:30:00+01:00,424.4976395858436
2023-12-04 20:40:00+01:00,424.45962990251314
2023-12-04 20:50:00+01:00,424.4401297976407
2023-12-04 21:00:00+01:00,424.43063228006423
2023-12-04 21:10:00+01:00,424.4255112499096
2023-12-04 21:20:00+01:00,424.4228769136011
2023-12-04 21:30:00+01:00,424.42150442188506
2023-12-04 21:40:00+01:00,424.4208079908089
2023-12-04 21:50:00+01:00,424.42038929903754
2023-12-04 22:00:00+01:00,424.4201235358672
2023-12-04 22:10:00+01:00,424.4199708597642
2023-12-04 22:20:00+01:00,424.41988548536364
2023-12-04 22:30:00+01:00,424.41983752192635
2023-12-04 22:40:00+01:00,424.4198114729635
2023-12-04 22:50:00+01:00,424.41979740230073
2023-12-04 23:00:00+01:00,424.41978969375407
2023-12-04 23:10:00+01:00,424.4197854084412
2023-12-04 23:20:00+01:00,424.41978294957363
2023-12-04 23:30:00+01:00,424.41978163153607
2023-12-04 23:40:00+01:00,421.3096655636962
2023-12-04 23:50:00+01:00,422.7349238334956
2023-12-05 00:00:00+01:00,423.47646598590126
2023-12-05 00:10:00+01:00,423.89779765586724
2023-12-05 00:20:00+01:00,420.98282618431807
2023-12-05 00:30:00+01:00,419.46960277925393
2023-12-05 00:40:00+01:00,419.2365598764689
2023-12-05 00:50:00+01:00,419.11028313019347
2023-12-05 01:00:00+01:00,419.0309767774579
2023-12-05 01:10:00+01:00,418.98320829528427
2023-12-05 01:20:00+01:00,418.9564278470579
2023-12-05 01:30:00+01:00,418.9407599875611
2023-12-05 01:40:00+01:00,418.93073284706804
2023-12-05 01:50:00+01:00,418.9258393123702
2023-12-05 02:00:00+01:00,418.92333280917296
2023-12-05 02:10:00+01:00,418.9222927891155
2023-12-05 02:20:00+01:00,418.9221790479266
2023-12-05 02:30:00+01:00,418.92252633679016
2023-12-05 02:40:00+01:00,418.92273092728027
2023-12-05 02:50:00+01:00,418.92283464962173
2023-12-05 03:00:00+01:00,418.9228870979794
2023-12-05 03:10:00+01:00,418.922921302341
2023-12-05 03:20:00+01:00,418.9229406854583
2023-12-05 03:30:00+01:00,418.92295140792805
2023-12-05 03:40:00+01:00,418.9229570797951
2023-12-05 03:50:00+01:00,418.92296047637114
2023-12-05 04:00:00+01:00,418.92296240985854
2023-12-05 04:10:00+01:00,418.9229635482976
2023-12-05 04:20:00+01:00,418.9229641850565
2023-12-05 04:30:00+01:00,418.9229644948158
2023-12-05 04:40:00+01:00,418.9229646589954
2023-12-05 04:50:00+01:00,418.9229647620112
2023-12-05 05:00:00+01:00,418.92296484685596
2023-12-05 05:10:00+01:00,422.20231875949935
2023-12-05 05:20:00+01:00,423.93407020863964
2023-12-05 05:30:00+01:00,424.8714826683881
2023-12-05 05:40:00+01:00,425.3866243129654
2023-12-05 05:50:00+01:00,425.66573516672037
2023-12-05 06:00:00+01:00,425.811517494798
2023-12-05 06:10:00+01:00,429.0809292848881
2023-12-05 06:20:00+01:00,434.03415808637794
2023-12-05 06:30:00+01:00,436.65849090621515
2023-12-05 06:40:00+01:00,442.0009173842864
2023-12-05 06:50:00+01:00,444.83202798879
2023-12-05 07:00:00+01:00,446.3323575786772
2023-12-05 07:10:00+01:00,447.1274333599023
2023-12-05 07:20:00+01:00,448.0047379270391
2023-12-05 07:30:00+01:00,448.4696640586716
2023-12-05 07:40:00+01:00,448.7160420040789
2023-12-05 07:50:00+01:00,448.84660548871545
2023-12-05 08:00:00+01:00,452.25944832543524
2023-12-05 08:10:00+01:00,454.06804304231866
2023-12-05 08:20:00+01:00,458.2179809378703
2023-12-05 08:30:00+01:00,463.608666906717
2023-12-05 08:40:00+01:00,469.6566985398546
2023-12-05 08:50:00+01:00,469.6712692231979
2023-12-05 09:00:00+01:00,469.6789989066778
2023-12-05 09:10:00+01:00,469.5310106681178
2023-12-05 09:20:00+01:00,469.6047109438874
2023-12-05 09:30:00+01:00,469.4917695559573
2023-12-05 09:40:00+01:00,469.43187412594625
2023-12-05 09:50:00+01:00,469.4001453601065
2023-12-05 10:00:00+01:00,469.38333488783553
2023-12-05 10:10:00+01:00,472.5651923623677
2023-12-05 10:20:00+01:00,474.40387332160935
2023-12-05 10:30:00+01:00,478.7214075049601
2023-12-05 10:40:00+01:00,481.0101527357353
2023-12-05 10:50:00+01:00,488.75762835563893
2023-12-05 11:00:00+01:00,496.05505193016285
2023-12-05 11:10:00+01:00,503.1140482948453
2023-12-05 11:20:00+01:00,503.3605931798071
2023-12-05 11:30:00+01:00,503.4912718876415
2023-12-05 11:40:00+01:00,503.56053604036543
2023-12-05 11:50:00+01:00,506.78844032228585
2023-12-05 12:00:00+01:00,511.84251488369927
2023-12-05 12:10:00+01:00,518.1685202594361
2023-12-05 12:20:00+01:00,524.7127161639706
2023-12-05 12:30:00+01:00,528.1812572392973
2023-12-05 12:40:00+01:00,530.0196356433995
2023-12-05 12:50:00+01:00,527.80269362673
2023-12-05 13:00:00+01:00,522.9804836473543
2023-12-05 13:10:00+01:00,517.0813825451078
2023-12-05 13:20:00+01:00,510.76354770120344
2023-12-05 13:30:00+01:00,507.4150307507027
2023-12-05 13:40:00+01:00,502.44874123685406
2023-12-05 13:50:00+01:00,499.81664671730306
2023-12-05 14:00:00+01:00,495.2303652103825
2023-12-05 14:10:00+01:00,492.7998525689615
2023-12-05 14:20:00+01:00,488.3219020401067
2023-12-05 14:30:00+01:00,485.94754781659685
2023-12-05 14:40:00+01:00,484.6855261936278
2023-12-05 14:50:00+01:00,484.01896154336094
2023-12-05 15:00:00+01:00,480.47394093670533
2023-12-05 15:10:00+01:00,475.4062835012176
2023-12-05 15:20:00+01:00,472.71891213749535
2023-12-05 15:30:00+01:00,467.95111847217765
2023-12-05 15:40:00+01:00,465.42404053933006
2023-12-05 15:50:00+01:00,460.893287797833
2023-12-05 16:00:00+01:00,458.4919292534559
2023-12-05 16:10:00+01:00,454.0281898029966
2023-12-05 16:20:00+01:00,451.66220032064973
2023-12-05 16:30:00+01:00,450.4081378576136
2023-12-05 16:40:00+01:00,449.74345265510533
2023-12-05 16:50:00+01:00,446.200056488523
2023-12-05 17:00:00+01:00,444.3219257622381
2023-12-05 17:10:00+01:00,443.3263118269555
2023-12-05 17:20:00+01:00,442.7986425004941
2023-12-05 17:30:00+01:00,442.5189804772098
2023-12-05 17:40:00+01:00,442.37076704125
2023-12-05 17:50:00+01:00,442.29221067999134
2023-12-05 18:00:00+01:00,439.059452177126
2023-12-05 18:10:00+01:00,437.3462562404667
2023-12-05 18:20:00+01:00,436.43807599254785
2023-12-05 18:30:00+01:00,435.95659326287097
2023-12-05 18:40:00+01:00,435.7013605444194
2023-12-05 18:50:00+01:00,435.56596415213363
2023-12-05 19:00:00+01:00,435.4942902952912
2023-12-05 19:10:00+01:00,435.45630045814335
2023-12-05 19:20:00+01:00,435.4361470004334
2023-12-05 19:30:00+01:00,435.42546739002194
2023-12-05 19:40:00+01:00,435.41980819572296
2023-12-05 19:50:00+01:00,435.41680632578317
2023-12-05 20:00:00+01:00,435.4152157632558
2023-12-05 20:10:00+01:00,435.41437526368685
2023-12-05 20:20:00+01:00,435.41392881972814
2023-12-05 20:30:00+01:00,432.2432388799973
2023-12-05 20:40:00+01:00,430.5291914740559
2023-12-05 20:50:00+01:00,429.64793507120453
2023-12-05 21:00:00+01:00,429.17853653204196
2023-12-05 21:10:00+01:00,428.9211189466008
2023-12-05 21:20:00+01:00,428.7891834307946
2023-12-05 21:30:00+01:00,428.71579485785674
2023-12-05 21:40:00+01:00,428.6750109675038
2023-12-05 21:50:00+01:00,428.6513434046544
2023-12-05 22:00:00+01:00,428.6382439609708
2023-12-05 22:10:00+01:00,428.63125804917956
2023-12-05 22:20:00+01:00,428.62749458350675
2023-12-05 22:30:00+01:00,428.6255304291779
2023-12-05 22:40:00+01:00,428.62445613244256
2023-12-05 22:50:00+01:00,425.46265020182466
2023-12-05 23:00:00+01:00,423.7866444023091
2023-12-05 23:10:00+01:00,422.87038149653944
2023-12-05 23:20:00+01:00,422.397631476206
2023-12-05 23:30:00+01:00,422.1464987656009
2023-12-05 23:40:00+01:00,421.99977148685167
2023-12-05 23:50:00+01:00,421.922051849323
2023-12-06 00:00:00+01:00,421.88011255745846
2023-12-06 00:10:00+01:00,421.85903813804316
2023-12-06 00:20:00+01:00,421.84690554050263
2023-12-06 00:30:00+01:00,421.8404983448621
2023-12-06 00:40:00+01:00,421.837185230719
2023-12-06 00:50:00+01:00,421.83532562733467
2023-12-06 01:00:00+01:00,421.83429127902144
2023-12-06 01:10:00+01:00,421.8337191865725
2023-12-06 01:20:00+01:00,421.8334049721918
2023-12-06 01:30:00+01:00,421.83323560890966
2023-12-06 01:40:00+01:00,421.83314304354167
2023-12-06 01:50:00+01:00,421.8330958694216
2023-12-06 02:00:00+01:00,421.83307049639103
2023-12-06 02:10:00+01:00,421.8330560311846
2023-12-06 02:20:00+01:00,421.83304794216093
2023-12-06 02:30:00+01:00,421.8330435575762
2023-12-06 02:40:00+01:00,418.70257136633865
2023-12-06 02:50:00+01:00,416.9968705257878
2023-12-06 03:00:00+01:00,416.1160445507265
2023-12-06 03:10:00+01:00,415.62347591045665
2023-12-06 03:20:00+01:00,415.3415757720678
2023-12-06 03:30:00+01:00,415.2115524674671
2023-12-06 03:40:00+01:00,415.13380488235947
2023-12-06 03:50:00+01:00,415.0916009495285
2023-12-06 04:00:00+01:00,415.0682008654339
2023-12-06 04:10:00+01:00,415.05683514152463
2023-12-06 04:20:00+01:00,415.05033100961305
2023-12-06 04:30:00+01:00,415.04682909987343
2023-12-06 04:40:00+01:00,415.04509776500277
2023-12-06 04:50:00+01:00,415.04407919707234
2023-12-06 05:00:00+01:00,415.043529146374
2023-12-06 05:10:00+01:00,415.04321816711797
2023-12-06 05:20:00+01:00,415.04304902060727
2023-12-06 05:30:00+01:00,415.04295861009695
2023-12-06 05:40:00+01:00,415.0429092366556
2023-12-06 05:50:00+01:00,415.0428847309951
2023-12-06 06:00:00+01:00,415.04287193125805
2023-12-06 06:10:00+01:00,415.0428636268874
2023-12-06 06:20:00+01:00,415.04285885632567
2023-12-06 06:30:00+01:00,415.04285632859006
2023-12-06 06:40:00+01:00,415.042854989145
2023-12-06 06:50:00+01:00,415.04285427933337
2023-12-06 07:00:00+01:00,415.0428539031729
2023-12-06 07:10:00+01:00,415.0428537038325
2023-12-06 07:20:00+01:00,483.5906156948561
2023-12-06 07:30:00+01:00,589.0741457167649
2023-12-06 07:40:00+01:00,731.59263270097
2023-12-06 07:50:00+01:00,727.9336691159092
2023-12-06 08:00:00+01:00,685.7695719332419
2023-12-06 08:10:00+01:00,633.6410471024183
2023-12-06 08:20:00+01:00,592.964146386275
2023-12-06 08:30:00+01:00,564.9615007574076
2023-12-06 08:40:00+01:00,550.117035155818
2023-12-06 08:50:00+01:00,539.0120983063972
2023-12-06 09:00:00+01:00,526.6738458556665
2023-12-06 09:10:00+01:00,516.9162674892341
2023-12-06 09:20:00+01:00,508.52673152883267
2023-12-06 09:30:00+01:00,500.8549162469481
2023-12-06 09:40:00+01:00,496.7896502705234
2023-12-06 09:50:00+01:00,494.63542746709993
2023-12-06 10:00:00+01:00,493.49386876050926
2023-12-06 10:10:00+01:00,492.8891907479764
2023-12-06 10:20:00+01:00,492.5686411224845
2023-12-06 10:30:00+01:00,498.84777117842185
2023-12-06 10:40:00+01:00,498.9507057345131
2023-12-06 10:50:00+01:00,502.2285552784011
2023-12-06 11:00:00+01:00,503.966234230818
2023-12-06 11:10:00+01:00,508.72408239076873
2023-12-06 11:20:00+01:00,511.2467815250366
2023-12-06 11:30:00+01:00,509.35941668727776
2023-12-06 11:40:00+01:00,505.13373659631566
2023-12-06 11:50:00+01:00,506.1210986953755
2023-12-06 12:00:00+01:00,513.2497049397045
2023-12-06 12:10:00+01:00,523.4737206830134
2023-12-06 12:20:00+01:00,532.7304303544657
2023-12-06 12:30:00+01:00,540.8573234822082
2023-12-06 12:40:00+01:00,549.0028465497847
2023-12-06 12:50:00+01:00,550.0974965608494
2023-12-06 13:00:00+01:00,547.4543123927018
2023-12-06 13:10:00+01:00,542.8300617211268
2023-12-06 13:20:00+01:00,537.0014616181243
2023-12-06 13:30:00+01:00,533.9105148589944
2023-12-06 13:40:00+01:00,528.5852516677901
2023-12-06 13:50:00+01:00,525.7666630862868
2023-12-06 14:00:00+01:00,521.0466143902808
2023-12-06 14:10:00+01:00,518.5440556895683
2023-12-06 14:20:00+01:00,513.3367291329982
2023-12-06 14:30:00+01:00,510.5770279495747
2023-12-06 14:40:00+01:00,505.9279584192873
2023-12-06 14:50:00+01:00,503.4725704266818
2023-12-06 15:00:00+01:00,502.1731990220266
2023-12-06 15:10:00+01:00,498.302497440686
2023-12-06 15:20:00+01:00,493.07374844130766
2023-12-06 15:30:00+01:00,486.9711776310027
2023-12-06 15:40:00+01:00,480.56084520355694
2023-12-06 15:50:00+01:00,477.1592484137166
2023-12-06 16:00:00+01:00,472.17590053002743
2023-12-06 16:10:00+01:00,469.53802430147607
2023-12-06 16:20:00+01:00,468.1397024387798
2023-12-06 16:30:00+01:00,467.3984451980567
2023-12-06 16:40:00+01:00,467.005535993545
2023-12-06 16:50:00+01:00,466.79723948472764
2023-12-06 17:00:00+01:00,463.50778128725824
2023-12-06 17:10:00+01:00,461.76410281248343
2023-12-06 17:20:00+01:00,460.83970221031336
2023-12-06 17:30:00+01:00,460.3496845232398
2023-12-06 17:40:00+01:00,460.0898393122837
2023-12-06 17:50:00+01:00,459.95213831954936
2023-12-06 18:00:00+01:00,459.87914770210784
2023-12-06 18:10:00+01:00,456.6616402763575
2023-12-06 18:20:00+01:00,454.9560684532674
2023-12-06 18:30:00+01:00,454.05137045224734
2023-12-06 18:40:00+01:00,453.5719655108747
2023-12-06 18:50:00+01:00,450.13523324793647
2023-12-06 19:00:00+01:00,448.3135584735771
2023-12-06 19:10:00+01:00,447.34917271544833
2023-12-06 19:20:00+01:00,443.6598242950832
2023-12-06 19:30:00+01:00,441.70478452953296
2023-12-06 19:40:00+01:00,440.668797363743
2023-12-06 19:50:00+01:00,440.11921928727224
2023-12-06 20:00:00+01:00,439.8280649230371
2023-12-06 20:10:00+01:00,439.67330199574604
2023-12-06 20:20:00+01:00,439.5917447089747
2023-12-06 20:30:00+01:00,436.37251164250756
2023-12-06 20:40:00+01:00,434.57404883650946
2023-12-06 20:50:00+01:00,433.6455726988534
2023-12-06 21:00:00+01:00,433.17886764156884
2023-12-06 21:10:00+01:00,432.9781008391655
2023-12-06 21:20:00+01:00,432.8689250198536
2023-12-06 21:30:00+01:00,432.80932695918585
2023-12-06 21:40:00+01:00,432.77663062103034
2023-12-06 21:50:00+01:00,432.75858109519413
2023-12-06 22:00:00+01:00,432.7485550705432
2023-12-06 22:10:00+01:00,432.7428166364282
2023-12-06 22:20:00+01:00,432.7394943586767
2023-12-06 22:30:00+01:00,432.73770950659014
2023-12-06 22:40:00+01:00,432.73674633466055
2023-12-06 22:50:00+01:00,432.73625395453945
2023-12-06 23:00:00+01:00,432.73597633339284
2023-12-06 23:10:00+01:00,432.7358286363566
2023-12-06 23:20:00+01:00,432.7357504272757
2023-12-06 23:30:00+01:00,429.4633430702367
2023-12-06 23:40:00+01:00,427.8553734012947
2023-12-06 23:50:00+01:00,427.01975482128853
