,time,reference_T_a,reference_T_b
2024-01-01 00:00:00+01:00,2024-01-01 00:00:00+01:00,17.55092702799739,15.601371088300263
2024-01-01 00:10:00+01:00,2024-01-01 00:10:00+01:00,17.33503588418261,15.42093726470984
2024-01-01 00:20:00+01:00,2024-01-01 00:20:00+01:00,17.203686101500573,15.31472199616249
2024-01-01 00:30:00+01:00,2024-01-01 00:30:00+01:00,17.10205102227722,15.231069017291032
2024-01-01 00:40:00+01:00,2024-01-01 00:40:00+01:00,17.013409438334765,15.155420256078742
2024-01-01 00:50:00+01:00,2024-01-01 00:50:00+01:00,16.931494313889367,15.082991032397816
2024-01-01 01:00:00+01:00,2024-01-01 01:00:00+01:00,16.855290307469943,15.013787033404151
2024-01-01 01:10:00+01:00,2024-01-01 01:10:00+01:00,16.78345299591462,14.947171271562645
2024-01-01 01:20:00+01:00,2024-01-01 01:20:00+01:00,16.709961135542482,14.877615978378532
2024-01-01 01:30:00+01:00,2024-01-01 01:30:00+01:00,16.632749573352818,14.803402854535149
2024-01-01 01:40:00+01:00,2024-01-01 01:40:00+01:00,16.554064904064948,14.727024358503856
2024-01-01 01:50:00+01:00,2024-01-01 01:50:00+01:00,16.47590736466979,14.650656619519177
2024-01-01 02:00:00+01:00,2024-01-01 02:00:00+01:00,16.396628670482762,14.572778436918535
2024-01-01 02:10:00+01:00,2024-01-01 02:10:00+01:00,16.3165113516913,14.493765119191439
2024-01-01 02:20:00+01:00,2024-01-01 02:20:00+01:00,16.23444691791725,14.412576637455388
2024-01-01 02:30:00+01:00,2024-01-01 02:30:00+01:00,16.151064559102355,14.329893247129574
2024-01-01 02:40:00+01:00,2024-01-01 02:40:00+01:00,16.069644812229495,14.24903398213809
2024-01-01 02:50:00+01:00,2024-01-01 02:50:00+01:00,15.990258970642632,14.170099457252732
2024-01-01 03:00:00+01:00,2024-01-01 03:00:00+01:00,15.912900364536553,14.093105553602133
2024-01-01 03:10:00+01:00,2024-01-01 03:10:00+01:00,15.834782503903954,14.015283282112375
2024-01-01 03:20:00+01:00,2024-01-01 03:20:00+01:00,15.75479052429092,13.935531472283484
2024-01-01 03:30:00+01:00,2024-01-01 03:30:00+01:00,15.677382453499328,13.85831894632437
2024-01-01 03:40:00+01:00,2024-01-01 03:40:00+01:00,15.603147885505365,13.784243862638819
2024-01-01 03:50:00+01:00,2024-01-01 03:50:00+01:00,15.532381094714717,13.713607329488633
2024-01-01 04:00:00+01:00,2024-01-01 04:00:00+01:00,15.464921163804075,13.646253909309047
2024-01-01 04:10:00+01:00,2024-01-01 04:10:00+01:00,15.39805330154468,13.579473223263616
2024-01-01 04:20:00+01:00,2024-01-01 04:20:00+01:00,15.332160698845582,13.513652027801996
2024-01-01 04:30:00+01:00,2024-01-01 04:30:00+01:00,15.267538331954892,13.449088188987938
2024-01-01 04:40:00+01:00,2024-01-01 04:40:00+01:00,15.20322775611032,13.384825610046905
2024-01-01 04:50:00+01:00,2024-01-01 04:50:00+01:00,15.137866510407562,13.319503741777137
2024-01-01 05:00:00+01:00,2024-01-01 05:00:00+01:00,15.075065500723758,13.256735049209924
2024-01-01 05:10:00+01:00,2024-01-01 05:10:00+01:00,15.018111883871075,13.199807962578205
2024-01-01 05:20:00+01:00,2024-01-01 05:20:00+01:00,14.965430160408316,13.147148023703064
2024-01-01 05:30:00+01:00,2024-01-01 05:30:00+01:00,14.916149837676022,13.097885592167529
2024-01-01 05:40:00+01:00,2024-01-01 05:40:00+01:00,14.869880279452826,13.051630729831682
2024-01-01 05:50:00+01:00,2024-01-01 05:50:00+01:00,14.826431575845097,13.00819409897447
2024-01-01 06:00:00+01:00,2024-01-01 06:00:00+01:00,15.298777854656684,12.976109693589455
2024-01-01 06:10:00+01:00,2024-01-01 06:10:00+01:00,15.653167575532343,12.979344262042572
2024-01-01 06:20:00+01:00,2024-01-01 06:20:00+01:00,15.939053882998031,13.018788165635112
2024-01-01 06:30:00+01:00,2024-01-01 06:30:00+01:00,16.181582099074326,13.086983605388642
2024-01-01 06:40:00+01:00,2024-01-01 06:40:00+01:00,16.395246717908346,13.177467961650457
2024-01-01 06:50:00+01:00,2024-01-01 06:50:00+01:00,16.587278971700663,13.283039371075573
2024-01-01 07:00:00+01:00,2024-01-01 07:00:00+01:00,16.760056943490756,13.394929897288733
2024-01-01 07:10:00+01:00,2024-01-01 07:10:00+01:00,16.91998068862249,13.511865398242465
2024-01-01 07:20:00+01:00,2024-01-01 07:20:00+01:00,17.074712042840833,13.63613235708785
2024-01-01 07:30:00+01:00,2024-01-01 07:30:00+01:00,17.228027481280815,13.765444310278491
2024-01-01 07:40:00+01:00,2024-01-01 07:40:00+01:00,17.38171380354039,13.901103829394023
2024-01-01 07:50:00+01:00,2024-01-01 07:50:00+01:00,17.537578213566327,14.043755692276095
2024-01-01 08:00:00+01:00,2024-01-01 08:00:00+01:00,17.699166249337686,14.199870630447561
2024-01-01 08:10:00+01:00,2024-01-01 08:10:00+01:00,17.869205395261936,14.368343007239378
2024-01-01 08:20:00+01:00,2024-01-01 08:20:00+01:00,18.046327136534963,14.539991796834963
2024-01-01 08:30:00+01:00,2024-01-01 08:30:00+01:00,18.22737303124233,14.71954321043129
2024-01-01 08:40:00+01:00,2024-01-01 08:40:00+01:00,18.40734786942607,14.898386915149601
2024-01-01 08:50:00+01:00,2024-01-01 08:50:00+01:00,18.584743162942594,15.07365997170776
2024-01-01 09:00:00+01:00,2024-01-01 09:00:00+01:00,18.249172127985123,15.2448242974995
2024-01-01 09:10:00+01:00,2024-01-01 09:10:00+01:00,18.033090972592404,15.390793149225555
2024-01-01 09:20:00+01:00,2024-01-01 09:20:00+01:00,17.885041867957227,15.50515826452937
2024-01-01 09:30:00+01:00,2024-01-01 09:30:00+01:00,17.778338438541713,15.583870997726677
2024-01-01 09:40:00+01:00,2024-01-01 09:40:00+01:00,17.701676387692775,15.641179389058689
2024-01-01 09:50:00+01:00,2024-01-01 09:50:00+01:00,17.648530564319255,15.688935611295475
2024-01-01 10:00:00+01:00,2024-01-01 10:00:00+01:00,17.6129868772043,15.73424458518483
2024-01-01 10:10:00+01:00,2024-01-01 10:10:00+01:00,17.59287178961448,15.773014552632286
2024-01-01 10:20:00+01:00,2024-01-01 10:20:00+01:00,17.58677982803839,15.811439847205815
2024-01-01 10:30:00+01:00,2024-01-01 10:30:00+01:00,17.58893456718386,15.842353649621948
2024-01-01 10:40:00+01:00,2024-01-01 10:40:00+01:00,17.597757784502942,15.867656323419013
2024-01-01 10:50:00+01:00,2024-01-01 10:50:00+01:00,17.61522868682719,15.904060509078526
2024-01-01 11:00:00+01:00,2024-01-01 11:00:00+01:00,17.639339760315316,15.951841356547193
2024-01-01 11:10:00+01:00,2024-01-01 11:10:00+01:00,17.666859937983716,15.997651478950527
2024-01-01 11:20:00+01:00,2024-01-01 11:20:00+01:00,17.69493634576148,16.046534861842606
2024-01-01 11:30:00+01:00,2024-01-01 11:30:00+01:00,17.722456641875738,16.092535066011298
2024-01-01 11:40:00+01:00,2024-01-01 11:40:00+01:00,17.749207129984807,16.129659249082682
2024-01-01 11:50:00+01:00,2024-01-01 11:50:00+01:00,17.77765045186122,16.168819256732366
2024-01-01 12:00:00+01:00,2024-01-01 12:00:00+01:00,17.808871225117088,16.218211305865307
2024-01-01 12:10:00+01:00,2024-01-01 12:10:00+01:00,17.842165427866075,16.26479972540214
2024-01-01 12:20:00+01:00,2024-01-01 12:20:00+01:00,17.87611375039637,16.318566519271716
2024-01-01 12:30:00+01:00,2024-01-01 12:30:00+01:00,17.910043631680665,16.350201165047046
2024-01-01 12:40:00+01:00,2024-01-01 12:40:00+01:00,17.942594182944276,16.386544186871063
2024-01-01 12:50:00+01:00,2024-01-01 12:50:00+01:00,17.971285362154546,16.418400441917353
2024-01-01 13:00:00+01:00,2024-01-01 13:00:00+01:00,17.995492604881168,16.442711436339685
2024-01-01 13:10:00+01:00,2024-01-01 13:10:00+01:00,18.016198114831145,16.463620185423878
2024-01-01 13:20:00+01:00,2024-01-01 13:20:00+01:00,18.03431814257673,16.46909140440404
2024-01-01 13:30:00+01:00,2024-01-01 13:30:00+01:00,18.049366687145078,16.47325621952824
2024-01-01 13:40:00+01:00,2024-01-01 13:40:00+01:00,18.061913296057206,16.479419744934955
2024-01-01 13:50:00+01:00,2024-01-01 13:50:00+01:00,18.069830135250296,16.49040497732763
2024-01-01 14:00:00+01:00,2024-01-01 14:00:00+01:00,18.070865544957098,16.48923892767024
2024-01-01 14:10:00+01:00,2024-01-01 14:10:00+01:00,18.067675510759496,16.478532539608626
2024-01-01 14:20:00+01:00,2024-01-01 14:20:00+01:00,18.063268981502716,16.464633382800365
2024-01-01 14:30:00+01:00,2024-01-01 14:30:00+01:00,18.05666858720286,16.45466368122961
2024-01-01 14:40:00+01:00,2024-01-01 14:40:00+01:00,18.04679418772929,16.442269373384118
2024-01-01 14:50:00+01:00,2024-01-01 14:50:00+01:00,18.03556001367633,16.424620565056195
2024-01-01 15:00:00+01:00,2024-01-01 15:00:00+01:00,18.02033876397802,16.405307275205388
2024-01-01 15:10:00+01:00,2024-01-01 15:10:00+01:00,18.001472072200944,16.3817494796952
2024-01-01 15:20:00+01:00,2024-01-01 15:20:00+01:00,17.97963112384309,16.35845205108815
2024-01-01 15:30:00+01:00,2024-01-01 15:30:00+01:00,17.95514826216463,16.327310609543005
2024-01-01 15:40:00+01:00,2024-01-01 15:40:00+01:00,17.92767991696434,16.291210120365704
2024-01-01 15:50:00+01:00,2024-01-01 15:50:00+01:00,17.893287076201982,16.24659537760482
2024-01-01 16:00:00+01:00,2024-01-01 16:00:00+01:00,17.848919027681305,16.18726656964624
2024-01-01 16:10:00+01:00,2024-01-01 16:10:00+01:00,17.795114666512436,16.121424003091704
2024-01-01 16:20:00+01:00,2024-01-01 16:20:00+01:00,17.734683274160233,16.050640782950943
2024-01-01 16:30:00+01:00,2024-01-01 16:30:00+01:00,17.668340493423646,15.974219970103835
2024-01-01 16:40:00+01:00,2024-01-01 16:40:00+01:00,17.596617813689747,15.891959848973839
2024-01-01 16:50:00+01:00,2024-01-01 16:50:00+01:00,17.518381112189104,15.800433367547104
2024-01-01 17:00:00+01:00,2024-01-01 17:00:00+01:00,17.43249494905419,15.701888749702245
2024-01-01 17:10:00+01:00,2024-01-01 17:10:00+01:00,17.339323514633236,15.596808034819192
2024-01-01 17:20:00+01:00,2024-01-01 17:20:00+01:00,17.23750572202133,15.483197509622087
2024-01-01 17:30:00+01:00,2024-01-01 17:30:00+01:00,17.128953604211457,15.363978862067658
2024-01-01 17:40:00+01:00,2024-01-01 17:40:00+01:00,17.014032572685945,15.23960526610305
2024-01-01 17:50:00+01:00,2024-01-01 17:50:00+01:00,16.890815007414037,15.107982468776132
2024-01-01 18:00:00+01:00,2024-01-01 18:00:00+01:00,16.762874431685614,14.971181291784628
2024-01-01 18:10:00+01:00,2024-01-01 18:10:00+01:00,16.631730359966504,14.833607159266522
2024-01-01 18:20:00+01:00,2024-01-01 18:20:00+01:00,16.49890674404761,14.69606783983871
2024-01-01 18:30:00+01:00,2024-01-01 18:30:00+01:00,16.363634329362647,14.55729959563261
2024-01-01 18:40:00+01:00,2024-01-01 18:40:00+01:00,16.22519242742318,14.416238183496809
2024-01-01 18:50:00+01:00,2024-01-01 18:50:00+01:00,16.08646206216655,14.275524231250994
2024-01-01 19:00:00+01:00,2024-01-01 19:00:00+01:00,15.945371388465784,14.132916335814846
2024-01-01 19:10:00+01:00,2024-01-01 19:10:00+01:00,15.797837111596559,13.984210553581173
2024-01-01 19:20:00+01:00,2024-01-01 19:20:00+01:00,15.645526076827379,13.830987061253722
2024-01-01 19:30:00+01:00,2024-01-01 19:30:00+01:00,15.492151931078585,13.676896613914407
2024-01-01 19:40:00+01:00,2024-01-01 19:40:00+01:00,15.339217396748154,13.523395812197991
2024-01-01 19:50:00+01:00,2024-01-01 19:50:00+01:00,15.185627849171505,13.369355842182594
2024-01-01 20:00:00+01:00,2024-01-01 20:00:00+01:00,15.02986985042119,13.213237648262622
2024-01-01 20:10:00+01:00,2024-01-01 20:10:00+01:00,14.87243895534755,13.055517387517787
2024-01-01 20:20:00+01:00,2024-01-01 20:20:00+01:00,14.715926197884553,12.898771257379938
2024-01-01 20:30:00+01:00,2024-01-01 20:30:00+01:00,14.56102996177036,12.743686186195957
2024-01-01 20:40:00+01:00,2024-01-01 20:40:00+01:00,14.408968371054995,12.59147137600047
2024-01-01 20:50:00+01:00,2024-01-01 20:50:00+01:00,14.259445946093011,12.441824343369072
2024-01-01 21:00:00+01:00,2024-01-01 21:00:00+01:00,14.10943241595065,12.291709280733183
2024-01-01 21:10:00+01:00,2024-01-01 21:10:00+01:00,13.95770845040824,12.139902454011017
2024-01-01 21:20:00+01:00,2024-01-01 21:20:00+01:00,13.805417088229275,11.98754338034679
2024-01-01 21:30:00+01:00,2024-01-01 21:30:00+01:00,13.651506054496828,11.833576955753617
2024-01-01 21:40:00+01:00,2024-01-01 21:40:00+01:00,13.496652712442943,11.678678261860735
2024-01-01 21:50:00+01:00,2024-01-01 21:50:00+01:00,13.345471602524276,11.527459992974283
2024-01-01 22:00:00+01:00,2024-01-01 22:00:00+01:00,13.200147425082445,11.382105351498113
2024-01-01 22:10:00+01:00,2024-01-01 22:10:00+01:00,13.059565335423462,11.241498274532397
2024-01-01 22:20:00+01:00,2024-01-01 22:20:00+01:00,12.925350722961914,11.107263158883795
2024-01-01 22:30:00+01:00,2024-01-01 22:30:00+01:00,12.796738003045366,10.978633609832487
2024-01-01 22:40:00+01:00,2024-01-01 22:40:00+01:00,12.667295090265515,10.849176880012546
2024-01-01 22:50:00+01:00,2024-01-01 22:50:00+01:00,12.534088694727432,10.715959138021924
2024-01-01 23:00:00+01:00,2024-01-01 23:00:00+01:00,12.39613495233431,10.57799607640077
2024-01-01 23:10:00+01:00,2024-01-01 23:10:00+01:00,12.252970019986208,10.434823488781245
2024-01-01 23:20:00+01:00,2024-01-01 23:20:00+01:00,12.1057816731391,10.287628852802083
2024-01-01 23:30:00+01:00,2024-01-01 23:30:00+01:00,11.958100313734905,10.139942326129068
2024-01-01 23:40:00+01:00,2024-01-01 23:40:00+01:00,11.813428436524232,9.995266203073768
2024-01-01 23:50:00+01:00,2024-01-01 23:50:00+01:00,11.671569481211964,9.853403758819736
2024-01-02 00:00:00+01:00,2024-01-02 00:00:00+01:00,11.533171580133079,9.715002990626939
2024-01-02 00:10:00+01:00,2024-01-02 00:10:00+01:00,11.395412569020362,9.577241623305646
2024-01-02 00:20:00+01:00,2024-01-02 00:20:00+01:00,11.256633396215975,9.438460514093634
2024-01-02 00:30:00+01:00,2024-01-02 00:30:00+01:00,11.118762413715809,9.300587940149219
2024-01-02 00:40:00+01:00,2024-01-02 00:40:00+01:00,10.981286379418226,9.163110597888528
2024-01-02 00:50:00+01:00,2024-01-02 00:50:00+01:00,10.845017705807273,9.026840849280669
2024-01-02 01:00:00+01:00,2024-01-02 01:00:00+01:00,10.71282924342262,8.894651503358185
2024-01-02 01:10:00+01:00,2024-01-02 01:10:00+01:00,10.583079255426668,8.764900789175787
2024-01-02 01:20:00+01:00,2024-01-02 01:20:00+01:00,10.456366948639365,8.638187885524696
2024-01-02 01:30:00+01:00,2024-01-02 01:30:00+01:00,10.337006163347132,8.518826609657186
2024-01-02 01:40:00+01:00,2024-01-02 01:40:00+01:00,10.224987284565948,8.40680732765904
2024-01-02 01:50:00+01:00,2024-01-02 01:50:00+01:00,10.118930070252224,8.300749781928817
2024-01-02 02:00:00+01:00,2024-01-02 02:00:00+01:00,10.017600191316973,8.199419630590965
2024-01-02 02:10:00+01:00,2024-01-02 02:10:00+01:00,9.91914529648903,8.10096451186522
2024-01-02 02:20:00+01:00,2024-01-02 02:20:00+01:00,9.82435152929701,8.006170560642794
2024-01-02 02:30:00+01:00,2024-01-02 02:30:00+01:00,9.732132950024532,7.913951830108157
2024-01-02 02:40:00+01:00,2024-01-02 02:40:00+01:00,9.641538215020185,7.823356970774998
2024-01-02 02:50:00+01:00,2024-01-02 02:50:00+01:00,9.554061806596629,7.735880460160143
2024-01-02 03:00:00+01:00,2024-01-02 03:00:00+01:00,9.470574684779804,7.6523932543477144
2024-01-02 03:10:00+01:00,2024-01-02 03:10:00+01:00,9.390793850888794,7.572612351416893
2024-01-02 03:20:00+01:00,2024-01-02 03:20:00+01:00,9.31557116257685,7.497389606357937
2024-01-02 03:30:00+01:00,2024-01-02 03:30:00+01:00,9.24471173058121,7.426530127719276
2024-01-02 03:40:00+01:00,2024-01-02 03:40:00+01:00,9.177069101536249,7.3588874603362155
2024-01-02 03:50:00+01:00,2024-01-02 03:50:00+01:00,9.110121811373922,7.2919401386619835
2024-01-02 04:00:00+01:00,2024-01-02 04:00:00+01:00,9.042640939385722,7.224459240772643
2024-01-02 04:10:00+01:00,2024-01-02 04:10:00+01:00,8.975568291165544,7.157386571263075
2024-01-02 04:20:00+01:00,2024-01-02 04:20:00+01:00,8.911991710726925,7.093809973325683
2024-01-02 04:30:00+01:00,2024-01-02 04:30:00+01:00,8.852339226689713,7.034157474905385
2024-01-02 04:40:00+01:00,2024-01-02 04:40:00+01:00,8.79584981521848,6.977668051611991
2024-01-02 04:50:00+01:00,2024-01-02 04:50:00+01:00,8.746285513849305,6.928103740525611
2024-01-02 05:00:00+01:00,2024-01-02 05:00:00+01:00,8.703763177443202,6.885581396132466
2024-01-02 05:10:00+01:00,2024-01-02 05:10:00+01:00,8.668630655707341,6.850448867831663
2024-01-02 05:20:00+01:00,2024-01-02 05:20:00+01:00,8.641387328089655,6.823205534817933
2024-01-02 05:30:00+01:00,2024-01-02 05:30:00+01:00,8.618813592385862,6.800631794678867
2024-01-02 05:40:00+01:00,2024-01-02 05:40:00+01:00,8.59705614161366,6.7788743402610985
2024-01-02 05:50:00+01:00,2024-01-02 05:50:00+01:00,8.576179858297774,6.757998053948742
2024-01-02 06:00:00+01:00,2024-01-02 06:00:00+01:00,9.275059095547018,6.750660444494705
2024-01-02 06:10:00+01:00,2024-01-02 06:10:00+01:00,9.805295541550551,6.791018691880178
2024-01-02 06:20:00+01:00,2024-01-02 06:20:00+01:00,10.236315920571952,6.880615986581201
2024-01-02 06:30:00+01:00,2024-01-02 06:30:00+01:00,10.604728414356481,7.009615930288688
2024-01-02 06:40:00+01:00,2024-01-02 06:40:00+01:00,10.934938726412627,7.1732194901008945
2024-01-02 06:50:00+01:00,2024-01-02 06:50:00+01:00,11.240918283214828,7.362782603259489
2024-01-02 07:00:00+01:00,2024-01-02 07:00:00+01:00,11.530955522661516,7.57402729492928
2024-01-02 07:10:00+01:00,2024-01-02 07:10:00+01:00,11.812284917509619,7.803341335400778
2024-01-02 07:20:00+01:00,2024-01-02 07:20:00+01:00,12.087428229335345,8.044425496710922
2024-01-02 07:30:00+01:00,2024-01-02 07:30:00+01:00,12.358390888420267,8.29163977797954
2024-01-02 07:40:00+01:00,2024-01-02 07:40:00+01:00,12.62551423038235,8.539439055458224
2024-01-02 07:50:00+01:00,2024-01-02 07:50:00+01:00,12.888950328913307,8.79043678990862
2024-01-02 08:00:00+01:00,2024-01-02 08:00:00+01:00,13.15210985254377,9.051974918176894
2024-01-02 08:10:00+01:00,2024-01-02 08:10:00+01:00,13.418387829739581,9.32186233566022
2024-01-02 08:20:00+01:00,2024-01-02 08:20:00+01:00,13.690394502763924,9.593691786173958
2024-01-02 08:30:00+01:00,2024-01-02 08:30:00+01:00,13.967452328621354,9.875247553595445
2024-01-02 08:40:00+01:00,2024-01-02 08:40:00+01:00,14.24526258376329,10.162294152455079
2024-01-02 08:50:00+01:00,2024-01-02 08:50:00+01:00,14.520939964225024,10.44277460880878
2024-01-02 09:00:00+01:00,2024-01-02 09:00:00+01:00,14.181651445664928,10.716853269660422
2024-01-02 09:10:00+01:00,2024-01-02 09:10:00+01:00,13.989133266331256,10.959518748782799
2024-01-02 09:20:00+01:00,2024-01-02 09:20:00+01:00,13.882541717035581,11.1566726678147
2024-01-02 09:30:00+01:00,2024-01-02 09:30:00+01:00,13.830130017420485,11.327429334384735
2024-01-02 09:40:00+01:00,2024-01-02 09:40:00+01:00,13.814508594086675,11.480441648084724
2024-01-02 09:50:00+01:00,2024-01-02 09:50:00+01:00,13.823672271973418,11.624265531023594
2024-01-02 10:00:00+01:00,2024-01-02 10:00:00+01:00,13.848356691429696,11.75962823600617
2024-01-02 10:10:00+01:00,2024-01-02 10:10:00+01:00,13.882577131933308,11.866982988598894
2024-01-02 10:20:00+01:00,2024-01-02 10:20:00+01:00,13.923230700767165,11.95708057568136
2024-01-02 10:30:00+01:00,2024-01-02 10:30:00+01:00,13.969190382343113,12.047765980100033
2024-01-02 10:40:00+01:00,2024-01-02 10:40:00+01:00,14.017380609403018,12.136903518829188
2024-01-02 10:50:00+01:00,2024-01-02 10:50:00+01:00,14.064291348120687,12.221707130061557
2024-01-02 11:00:00+01:00,2024-01-02 11:00:00+01:00,14.109462400896428,12.333520179082267
2024-01-02 11:10:00+01:00,2024-01-02 11:10:00+01:00,14.156582545837601,12.436797433383969
2024-01-02 11:20:00+01:00,2024-01-02 11:20:00+01:00,14.208612194572028,12.542768916287756
2024-01-02 11:30:00+01:00,2024-01-02 11:30:00+01:00,14.262398079728424,12.646948493430918
2024-01-02 11:40:00+01:00,2024-01-02 11:40:00+01:00,14.314654941811872,12.743839293002114
2024-01-02 11:50:00+01:00,2024-01-02 11:50:00+01:00,14.36599343658701,12.82587911947201
2024-01-02 12:00:00+01:00,2024-01-02 12:00:00+01:00,14.414089580203207,12.90495510437947
2024-01-02 12:10:00+01:00,2024-01-02 12:10:00+01:00,14.457206346618722,12.963637498953982
2024-01-02 12:20:00+01:00,2024-01-02 12:20:00+01:00,14.495079432841377,13.011021124772464
2024-01-02 12:30:00+01:00,2024-01-02 12:30:00+01:00,14.528871928291537,13.0470920454526
2024-01-02 12:40:00+01:00,2024-01-02 12:40:00+01:00,14.562605142270122,13.083084578820097
2024-01-02 12:50:00+01:00,2024-01-02 12:50:00+01:00,14.60089095750409,13.144818885013319
2024-01-02 13:00:00+01:00,2024-01-02 13:00:00+01:00,14.64285696699036,13.18388306202739
2024-01-02 13:10:00+01:00,2024-01-02 13:10:00+01:00,14.68333341796106,13.22728227039112
2024-01-02 13:20:00+01:00,2024-01-02 13:20:00+01:00,14.724859949067364,13.253463029844955
2024-01-02 13:30:00+01:00,2024-01-02 13:30:00+01:00,14.768460801134575,13.279467235479332
2024-01-02 13:40:00+01:00,2024-01-02 13:40:00+01:00,14.811239405821278,13.317001048246532
2024-01-02 13:50:00+01:00,2024-01-02 13:50:00+01:00,14.852385824152883,13.351548371891807
2024-01-02 14:00:00+01:00,2024-01-02 14:00:00+01:00,14.891763235938447,13.372915080788486
2024-01-02 14:10:00+01:00,2024-01-02 14:10:00+01:00,14.928440466696083,13.386722121618583
2024-01-02 14:20:00+01:00,2024-01-02 14:20:00+01:00,14.961090393302944,13.404644304439296
2024-01-02 14:30:00+01:00,2024-01-02 14:30:00+01:00,14.988147857161076,13.410538851786796
2024-01-02 14:40:00+01:00,2024-01-02 14:40:00+01:00,15.009354348246664,13.413516217805642
2024-01-02 14:50:00+01:00,2024-01-02 14:50:00+01:00,15.024216456080609,13.410445300820697
2024-01-02 15:00:00+01:00,2024-01-02 15:00:00+01:00,15.031314128210001,13.394392862029177
2024-01-02 15:10:00+01:00,2024-01-02 15:10:00+01:00,15.029929121657135,13.385764678362404
2024-01-02 15:20:00+01:00,2024-01-02 15:20:00+01:00,15.0224934683711,13.370538670793444
2024-01-02 15:30:00+01:00,2024-01-02 15:30:00+01:00,15.012713468648158,13.335124026253352
2024-01-02 15:40:00+01:00,2024-01-02 15:40:00+01:00,14.99713722135117,13.295708263883965
2024-01-02 15:50:00+01:00,2024-01-02 15:50:00+01:00,14.972221478269303,13.243030118962233
2024-01-02 16:00:00+01:00,2024-01-02 16:00:00+01:00,14.943761174180011,13.192177197510293
2024-01-02 16:10:00+01:00,2024-01-02 16:10:00+01:00,14.910592740588243,13.131519262386814
2024-01-02 16:20:00+01:00,2024-01-02 16:20:00+01:00,14.86902331800858,13.062287173991939
2024-01-02 16:30:00+01:00,2024-01-02 16:30:00+01:00,14.818656326135327,12.986498925412764
2024-01-02 16:40:00+01:00,2024-01-02 16:40:00+01:00,14.758334597705446,12.90300512250767
2024-01-02 16:50:00+01:00,2024-01-02 16:50:00+01:00,14.686884927504737,12.802482775922305
2024-01-02 17:00:00+01:00,2024-01-02 17:00:00+01:00,14.603230946243047,12.688868103272151
2024-01-02 17:10:00+01:00,2024-01-02 17:10:00+01:00,14.512831628805797,12.567698222074062
2024-01-02 17:20:00+01:00,2024-01-02 17:20:00+01:00,14.419513721201016,12.442997388809985
2024-01-02 17:30:00+01:00,2024-01-02 17:30:00+01:00,14.324520124514622,12.320029507509386
2024-01-02 17:40:00+01:00,2024-01-02 17:40:00+01:00,14.229918001958865,12.196856029600436
2024-01-02 17:50:00+01:00,2024-01-02 17:50:00+01:00,14.133124482515727,12.06984251094565
2024-01-02 18:00:00+01:00,2024-01-02 18:00:00+01:00,14.030795821374154,11.93725117330465
2024-01-02 18:10:00+01:00,2024-01-02 18:10:00+01:00,13.923649594756668,11.808273543866413
2024-01-02 18:20:00+01:00,2024-01-02 18:20:00+01:00,13.812473574622443,11.681185003999246
2024-01-02 18:30:00+01:00,2024-01-02 18:30:00+01:00,13.696963253805427,11.553952013875698
2024-01-02 18:40:00+01:00,2024-01-02 18:40:00+01:00,13.577438477047345,11.425697603465789
2024-01-02 18:50:00+01:00,2024-01-02 18:50:00+01:00,13.454473849912889,11.29616246305794
2024-01-02 19:00:00+01:00,2024-01-02 19:00:00+01:00,13.329740871269431,11.166432680103158
2024-01-02 19:10:00+01:00,2024-01-02 19:10:00+01:00,13.204860888855226,11.037715209861044
2024-01-02 19:20:00+01:00,2024-01-02 19:20:00+01:00,13.078997460519322,10.908877593308837
2024-01-02 19:30:00+01:00,2024-01-02 19:30:00+01:00,12.951984459127504,10.779540166827006
2024-01-02 19:40:00+01:00,2024-01-02 19:40:00+01:00,12.824400594870685,10.65012600466325
2024-01-02 19:50:00+01:00,2024-01-02 19:50:00+01:00,12.695322119859506,10.519596708012143
2024-01-02 20:00:00+01:00,2024-01-02 20:00:00+01:00,12.566089716185235,10.389207584677168
2024-01-02 20:10:00+01:00,2024-01-02 20:10:00+01:00,12.436722108201305,10.258913103431926
2024-01-02 20:20:00+01:00,2024-01-02 20:20:00+01:00,12.306943332324463,10.128388437125821
2024-01-02 20:30:00+01:00,2024-01-02 20:30:00+01:00,12.175732863747909,9.99657553581851
2024-01-02 20:40:00+01:00,2024-01-02 20:40:00+01:00,12.043437627100555,9.863792241925141
2024-01-02 20:50:00+01:00,2024-01-02 20:50:00+01:00,11.91115385461756,9.731112059751569
2024-01-02 21:00:00+01:00,2024-01-02 21:00:00+01:00,11.77840790834401,9.598043455465737
2024-01-02 21:10:00+01:00,2024-01-02 21:10:00+01:00,11.646044891324392,9.465417346969563
2024-01-02 21:20:00+01:00,2024-01-02 21:20:00+01:00,11.513038214660384,9.332195836010996
2024-01-02 21:30:00+01:00,2024-01-02 21:30:00+01:00,11.37698616667426,9.195968148967237
2024-01-02 21:40:00+01:00,2024-01-02 21:40:00+01:00,11.235721661413038,9.05455990751376
2024-01-02 21:50:00+01:00,2024-01-02 21:50:00+01:00,11.088892754757863,8.907613277791583
2024-01-02 22:00:00+01:00,2024-01-02 22:00:00+01:00,10.83510996569299,8.754622127910208
2024-01-02 22:10:00+01:00,2024-01-02 22:10:00+01:00,10.605080285303627,8.595427972740334
2024-01-02 22:20:00+01:00,2024-01-02 22:20:00+01:00,10.387590058417599,8.42814187068626
2024-01-02 22:30:00+01:00,2024-01-02 22:30:00+01:00,10.178737117056857,8.255199866340318
2024-01-02 22:40:00+01:00,2024-01-02 22:40:00+01:00,9.978228009028273,8.08063267957337
2024-01-02 22:50:00+01:00,2024-01-02 22:50:00+01:00,9.783184130794785,7.904524701089831
2024-01-02 23:00:00+01:00,2024-01-02 23:00:00+01:00,9.59144496511569,7.726756065724329
2024-01-02 23:10:00+01:00,2024-01-02 23:10:00+01:00,9.40257688203028,7.548306863901404
2024-01-02 23:20:00+01:00,2024-01-02 23:20:00+01:00,9.216251926954328,7.369835148202937
2024-01-02 23:30:00+01:00,2024-01-02 23:30:00+01:00,9.033258537549985,7.192822290227172
2024-01-02 23:40:00+01:00,2024-01-02 23:40:00+01:00,8.856406813073303,7.020569482238069
2024-01-02 23:50:00+01:00,2024-01-02 23:50:00+01:00,8.684654274773813,6.852385509267117
2024-01-03 00:00:00+01:00,2024-01-03 00:00:00+01:00,8.515443864445231,6.685967053705233
2024-01-03 00:10:00+01:00,2024-01-03 00:10:00+01:00,8.34762410394454,6.520347843038864
2024-01-03 00:20:00+01:00,2024-01-03 00:20:00+01:00,8.182490196229677,6.356959714977537
2024-01-03 00:30:00+01:00,2024-01-03 00:30:00+01:00,8.018210048803486,6.194072471223255
2024-01-03 00:40:00+01:00,2024-01-03 00:40:00+01:00,7.852873403298157,6.029852652798122
2024-01-03 00:50:00+01:00,2024-01-03 00:50:00+01:00,7.688529113682894,5.866407596736552
2024-01-03 01:00:00+01:00,2024-01-03 01:00:00+01:00,7.525673874598786,5.704278968256161
2024-01-03 01:10:00+01:00,2024-01-03 01:10:00+01:00,7.3656796312134825,5.544873606509043
2024-01-03 01:20:00+01:00,2024-01-03 01:20:00+01:00,7.209059174171054,5.388731601394962
2024-01-03 01:30:00+01:00,2024-01-03 01:30:00+01:00,7.054854125879515,5.234916091282829
2024-01-03 01:40:00+01:00,2024-01-03 01:40:00+01:00,6.901095997746061,5.081475656563066
2024-01-03 01:50:00+01:00,2024-01-03 01:50:00+01:00,6.748918807985917,4.929557933957875
2024-01-03 02:00:00+01:00,2024-01-03 02:00:00+01:00,6.5984950844280075,4.779346370373323
2024-01-03 02:10:00+01:00,2024-01-03 02:10:00+01:00,6.4472812733916065,4.6283062036766065
2024-01-03 02:20:00+01:00,2024-01-03 02:20:00+01:00,6.297849939575813,4.479017102331075
2024-01-03 02:30:00+01:00,2024-01-03 02:30:00+01:00,6.150947754885054,4.332231495420571
2024-01-03 02:40:00+01:00,2024-01-03 02:40:00+01:00,6.006489515594157,4.187868856741983
2024-01-03 02:50:00+01:00,2024-01-03 02:50:00+01:00,5.86594439109063,4.0474021639206965
2024-01-03 03:00:00+01:00,2024-01-03 03:00:00+01:00,5.729858626859909,3.911380768284147
2024-01-03 03:10:00+01:00,2024-01-03 03:10:00+01:00,5.600012366718461,3.781587350243936
2024-01-03 03:20:00+01:00,2024-01-03 03:20:00+01:00,5.479356357528207,3.6609747307647
2024-01-03 03:30:00+01:00,2024-01-03 03:30:00+01:00,5.3692143611239285,3.5508683692439575
2024-01-03 03:40:00+01:00,2024-01-03 03:40:00+01:00,5.265419037123646,3.4471023157729896
2024-01-03 03:50:00+01:00,2024-01-03 03:50:00+01:00,5.163030622397347,3.3447379468904206
2024-01-03 04:00:00+01:00,2024-01-03 04:00:00+01:00,5.060355125822599,3.2420822060670034
2024-01-03 04:10:00+01:00,2024-01-03 04:10:00+01:00,4.958409366755642,3.1401526794071564
2024-01-03 04:20:00+01:00,2024-01-03 04:20:00+01:00,4.858647191182945,3.040403842163922
2024-01-03 04:30:00+01:00,2024-01-03 04:30:00+01:00,4.761521424035614,2.943289035851563
2024-01-03 04:40:00+01:00,2024-01-03 04:40:00+01:00,4.6671573989068875,2.8489340182397505
2024-01-03 04:50:00+01:00,2024-01-03 04:50:00+01:00,4.574610954162427,2.7563949760593776
2024-01-03 05:00:00+01:00,2024-01-03 05:00:00+01:00,4.483607313356973,2.6653974190125735
2024-01-03 05:10:00+01:00,2024-01-03 05:10:00+01:00,4.393595551159288,2.5753906568390788
2024-01-03 05:20:00+01:00,2024-01-03 05:20:00+01:00,4.302927279302225,2.4847264944029184
2024-01-03 05:30:00+01:00,2024-01-03 05:30:00+01:00,4.208499790864436,2.3903023834698436
2024-01-03 05:40:00+01:00,2024-01-03 05:40:00+01:00,4.109268543028997,2.291073911617655
2024-01-03 05:50:00+01:00,2024-01-03 05:50:00+01:00,4.010316463012138,2.192124113215038
2024-01-03 06:00:00+01:00,2024-01-03 06:00:00+01:00,4.8322836442175365,2.1061000842707296
2024-01-03 06:10:00+01:00,2024-01-03 06:10:00+01:00,5.43608504518208,2.085225581522622
2024-01-03 06:20:00+01:00,2024-01-03 06:20:00+01:00,5.917067567015024,2.1355687995423773
2024-01-03 06:30:00+01:00,2024-01-03 06:30:00+01:00,6.3224296857364815,2.247439956663657
2024-01-03 06:40:00+01:00,2024-01-03 06:40:00+01:00,6.678122607214036,2.405876528495816
2024-01-03 06:50:00+01:00,2024-01-03 06:50:00+01:00,7.0010190435788076,2.5996102300726553
2024-01-03 07:00:00+01:00,2024-01-03 07:00:00+01:00,7.302051899189433,2.8204331246405636
2024-01-03 07:10:00+01:00,2024-01-03 07:10:00+01:00,7.589133542066629,3.0605009850521774
2024-01-03 07:20:00+01:00,2024-01-03 07:20:00+01:00,7.8703696638747305,3.31478658372131
2024-01-03 07:30:00+01:00,2024-01-03 07:30:00+01:00,8.150908221213648,3.586814944738862
2024-01-03 07:40:00+01:00,2024-01-03 07:40:00+01:00,8.433290415574575,3.8701248313927534
2024-01-03 07:50:00+01:00,2024-01-03 07:50:00+01:00,8.717497653909486,4.171315700426793
2024-01-03 08:00:00+01:00,2024-01-03 08:00:00+01:00,9.002635604575207,4.478781643610831
2024-01-03 08:10:00+01:00,2024-01-03 08:10:00+01:00,9.292067596031533,4.78966801920345
2024-01-03 08:20:00+01:00,2024-01-03 08:20:00+01:00,9.585474327499742,5.106927242779296
2024-01-03 08:30:00+01:00,2024-01-03 08:30:00+01:00,9.882686514081424,5.435119569383887
2024-01-03 08:40:00+01:00,2024-01-03 08:40:00+01:00,10.186074564875847,5.766691205456035
2024-01-03 08:50:00+01:00,2024-01-03 08:50:00+01:00,10.493995792707903,6.097941811574862
2024-01-03 09:00:00+01:00,2024-01-03 09:00:00+01:00,10.089527200336795,6.428456715497124
2024-01-03 09:10:00+01:00,2024-01-03 09:10:00+01:00,9.862348785081199,6.73020720930548
2024-01-03 09:20:00+01:00,2024-01-03 09:20:00+01:00,9.742696322770593,6.990015975664457
2024-01-03 09:30:00+01:00,2024-01-03 09:30:00+01:00,9.689490475937918,7.212321112818066
2024-01-03 09:40:00+01:00,2024-01-03 09:40:00+01:00,9.677418393099028,7.410023063622506
2024-01-03 09:50:00+01:00,2024-01-03 09:50:00+01:00,9.694581897453872,7.571973527495625
2024-01-03 10:00:00+01:00,2024-01-03 10:00:00+01:00,9.731490057811168,7.706809392924337
2024-01-03 10:10:00+01:00,2024-01-03 10:10:00+01:00,9.781767961563459,7.828332624859867
2024-01-03 10:20:00+01:00,2024-01-03 10:20:00+01:00,9.84276799341784,7.946434179868726
2024-01-03 10:30:00+01:00,2024-01-03 10:30:00+01:00,9.910735821075884,8.06683602019078
2024-01-03 10:40:00+01:00,2024-01-03 10:40:00+01:00,9.983570475512245,8.202458970222047
2024-01-03 10:50:00+01:00,2024-01-03 10:50:00+01:00,10.06321432530319,8.344124257816654
2024-01-03 11:00:00+01:00,2024-01-03 11:00:00+01:00,10.150077061853846,8.478984845592699
2024-01-03 11:10:00+01:00,2024-01-03 11:10:00+01:00,10.24449360847025,8.612554516502268
2024-01-03 11:20:00+01:00,2024-01-03 11:20:00+01:00,10.346560120318962,8.733902604098393
2024-01-03 11:30:00+01:00,2024-01-03 11:30:00+01:00,10.45627865092289,8.86092707776434
2024-01-03 11:40:00+01:00,2024-01-03 11:40:00+01:00,10.57062636749108,8.986809425701887
2024-01-03 11:50:00+01:00,2024-01-03 11:50:00+01:00,10.684528438995857,9.115567664519931
2024-01-03 12:00:00+01:00,2024-01-03 12:00:00+01:00,10.797710568764396,9.229844577573834
2024-01-03 12:10:00+01:00,2024-01-03 12:10:00+01:00,10.910813945673048,9.351712682581372
2024-01-03 12:20:00+01:00,2024-01-03 12:20:00+01:00,11.023988366552175,9.491902474291582
2024-01-03 12:30:00+01:00,2024-01-03 12:30:00+01:00,11.1358026153079,9.620891734229687
2024-01-03 12:40:00+01:00,2024-01-03 12:40:00+01:00,11.243698786411827,9.745258404248235
2024-01-03 12:50:00+01:00,2024-01-03 12:50:00+01:00,11.34924164814372,9.86988879076052
2024-01-03 13:00:00+01:00,2024-01-03 13:00:00+01:00,11.45475678583872,9.981279325828776
2024-01-03 13:10:00+01:00,2024-01-03 13:10:00+01:00,11.56158050426622,10.092274193912184
2024-01-03 13:20:00+01:00,2024-01-03 13:20:00+01:00,11.66803715297044,10.198273784657527
2024-01-03 13:30:00+01:00,2024-01-03 13:30:00+01:00,11.771446519047343,10.298389587039468
2024-01-03 13:40:00+01:00,2024-01-03 13:40:00+01:00,11.873536720585673,10.383742988132795
2024-01-03 13:50:00+01:00,2024-01-03 13:50:00+01:00,11.975649670437456,10.46906442717879
2024-01-03 14:00:00+01:00,2024-01-03 14:00:00+01:00,12.074929375993234,10.55645629809228
2024-01-03 14:10:00+01:00,2024-01-03 14:10:00+01:00,12.170576495115291,10.653769935947338
2024-01-03 14:20:00+01:00,2024-01-03 14:20:00+01:00,12.263364449413599,10.750726870223868
2024-01-03 14:30:00+01:00,2024-01-03 14:30:00+01:00,12.35157525600461,10.85671352245974
2024-01-03 14:40:00+01:00,2024-01-03 14:40:00+01:00,12.436052701478554,10.935620457165715
2024-01-03 14:50:00+01:00,2024-01-03 14:50:00+01:00,12.517519543191959,11.011856426772782
2024-01-03 15:00:00+01:00,2024-01-03 15:00:00+01:00,12.596125806137145,11.077435120535338
2024-01-03 15:10:00+01:00,2024-01-03 15:10:00+01:00,12.670669156143303,11.151507468215753
2024-01-03 15:20:00+01:00,2024-01-03 15:20:00+01:00,12.73983997851124,11.1997633420689
2024-01-03 15:30:00+01:00,2024-01-03 15:30:00+01:00,12.802137101076319,11.226693342924642
2024-01-03 15:40:00+01:00,2024-01-03 15:40:00+01:00,12.858995487893983,11.240139990977346
2024-01-03 15:50:00+01:00,2024-01-03 15:50:00+01:00,12.91117420779917,11.231804022864333
2024-01-03 16:00:00+01:00,2024-01-03 16:00:00+01:00,12.959113504343602,11.219953445994935
2024-01-03 16:10:00+01:00,2024-01-03 16:10:00+01:00,13.000271157928996,11.200304514573208
2024-01-03 16:20:00+01:00,2024-01-03 16:20:00+01:00,13.032985264721281,11.177210040023947
2024-01-03 16:30:00+01:00,2024-01-03 16:30:00+01:00,13.058854932289906,11.151211576816442
2024-01-03 16:40:00+01:00,2024-01-03 16:40:00+01:00,13.079478360405068,11.129370464742149
2024-01-03 16:50:00+01:00,2024-01-03 16:50:00+01:00,13.097621790247565,11.105263048450235
2024-01-03 17:00:00+01:00,2024-01-03 17:00:00+01:00,13.111037372122064,11.069621846816267
2024-01-03 17:10:00+01:00,2024-01-03 17:10:00+01:00,13.120513393460781,11.024714498322695
2024-01-03 17:20:00+01:00,2024-01-03 17:20:00+01:00,13.131690102357132,10.982028524412385
2024-01-03 17:30:00+01:00,2024-01-03 17:30:00+01:00,13.14240752062429,10.935073744365608
2024-01-03 17:40:00+01:00,2024-01-03 17:40:00+01:00,13.149666847061066,10.887329881688421
2024-01-03 17:50:00+01:00,2024-01-03 17:50:00+01:00,13.154702015595431,10.836414774660868
2024-01-03 18:00:00+01:00,2024-01-03 18:00:00+01:00,13.15873464511133,10.782255089037534
2024-01-03 18:10:00+01:00,2024-01-03 18:10:00+01:00,13.160783870938419,10.742369925864507
2024-01-03 18:20:00+01:00,2024-01-03 18:20:00+01:00,13.15945584820835,10.710511191655309
2024-01-03 18:30:00+01:00,2024-01-03 18:30:00+01:00,13.154032861668368,10.68262237988016
2024-01-03 18:40:00+01:00,2024-01-03 18:40:00+01:00,13.142860247641961,10.654739282987977
2024-01-03 18:50:00+01:00,2024-01-03 18:50:00+01:00,13.123638406685915,10.622954269751364
2024-01-03 19:00:00+01:00,2024-01-03 19:00:00+01:00,13.09593736465977,10.585709474908922
2024-01-03 19:10:00+01:00,2024-01-03 19:10:00+01:00,13.059331856186304,10.54178198285376
2024-01-03 19:20:00+01:00,2024-01-03 19:20:00+01:00,13.01533758699146,10.492118283820446
2024-01-03 19:30:00+01:00,2024-01-03 19:30:00+01:00,12.966333565044543,10.438687216790369
2024-01-03 19:40:00+01:00,2024-01-03 19:40:00+01:00,12.915668138000045,10.384538515533793
2024-01-03 19:50:00+01:00,2024-01-03 19:50:00+01:00,12.86484176207835,10.330952913259702
2024-01-03 20:00:00+01:00,2024-01-03 20:00:00+01:00,12.814394186173521,10.278306732465133
2024-01-03 20:10:00+01:00,2024-01-03 20:10:00+01:00,12.764206369990552,10.226358072169987
2024-01-03 20:20:00+01:00,2024-01-03 20:20:00+01:00,12.71219199272229,10.172927283133921
2024-01-03 20:30:00+01:00,2024-01-03 20:30:00+01:00,12.659334115084134,10.11892582726044
2024-01-03 20:40:00+01:00,2024-01-03 20:40:00+01:00,12.60608742077212,10.064752951200692
2024-01-03 20:50:00+01:00,2024-01-03 20:50:00+01:00,12.551621278982037,10.00953473692357
2024-01-03 21:00:00+01:00,2024-01-03 21:00:00+01:00,12.49768135675761,9.954982793389433
2024-01-03 21:10:00+01:00,2024-01-03 21:10:00+01:00,12.444703235791678,9.901505724389013
2024-01-03 21:20:00+01:00,2024-01-03 21:20:00+01:00,12.392136135233102,9.848531253060612
2024-01-03 21:30:00+01:00,2024-01-03 21:30:00+01:00,12.343381454805442,9.7994435635009
2024-01-03 21:40:00+01:00,2024-01-03 21:40:00+01:00,12.298975426016826,9.754765039315116
2024-01-03 21:50:00+01:00,2024-01-03 21:50:00+01:00,12.255749371101876,9.711315822422142
2024-01-03 22:00:00+01:00,2024-01-03 22:00:00+01:00,12.007805464582784,9.664965273750273
2024-01-03 22:10:00+01:00,2024-01-03 22:10:00+01:00,11.808282352987813,9.607121485748644
2024-01-03 22:20:00+01:00,2024-01-03 22:20:00+01:00,11.635129522724675,9.53438369747212
2024-01-03 22:30:00+01:00,2024-01-03 22:30:00+01:00,11.478800634077468,9.449882260597168
2024-01-03 22:40:00+01:00,2024-01-03 22:40:00+01:00,11.337018896951554,9.359988947142348
2024-01-03 22:50:00+01:00,2024-01-03 22:50:00+01:00,11.207425077124276,9.268270689966476
2024-01-03 23:00:00+01:00,2024-01-03 23:00:00+01:00,11.08478584399668,9.173575609036705
2024-01-03 23:10:00+01:00,2024-01-03 23:10:00+01:00,10.965946425245606,9.07557649289041
2024-01-03 23:20:00+01:00,2024-01-03 23:20:00+01:00,10.851379328065805,8.976717961591508
2024-01-03 23:30:00+01:00,2024-01-03 23:30:00+01:00,10.743264234667478,8.880565646100603
2024-01-03 23:40:00+01:00,2024-01-03 23:40:00+01:00,10.64072412093606,8.787224774720514
2024-01-03 23:50:00+01:00,2024-01-03 23:50:00+01:00,10.53992360586348,8.6935625485349
